7cdbc191-e178-4f44-b009-7aa8f539700a,1,1
d030be2c-5bde-4246-84fa-5d266131c322,2,1
9157532d-98a6-4360-805e-618557d9a61e,3,1
da962654-9697-42cb-9bde-eac15d66f5aa,4,1
3ba240b5-f7a3-4084-8ebc-c8b8602ddea4,5,1
e672ecfc-abeb-4755-8fde-caa3196be9df,6,1
e4d8ea62-5c07-4c38-86f0-763e4b850214,7,1
e12812db-9bfc-4d6b-93a8-2d3f1a91dfa3,8,1
e22a610f-d9c3-40a7-a284-8c51f91640e4,9,1
d876476e-de82-4e50-89c6-e4583297664f,10,1
2ccf1aad-b365-467d-841b-215ae9326926,11,1
8f21befe-fb07-4796-85b0-ba577a6c502a,12,1
3ac65229-3189-4d1e-b1cd-ce5dac558026,13,1
18dafb38-545f-404c-9c5c-0759825fd189,14,1
b78fd2c3-11b3-4e58-8b5c-4d1a43af4bc2,15,1
e7dd71f6-273e-47e3-84d6-4cdea2751f19,16,1
6b11a42c-eb73-4093-8deb-0226723654b8,17,1
9e23c6c3-55ed-431e-98c2-f5dd5c35e502,18,1
858c1db6-c21e-4735-91a3-0a40c744fab2,19,1
deb10cd3-14a4-44b3-b67b-4440d4464113,20,1
c91aa1d8-2739-4510-9410-957029f64746,21,1
7ea30c5b-e6d5-4999-a088-ef47afb9f631,22,1
32fcb3d7-6a4d-44cf-abbb-061f74b368db,23,1
bd0feeb6-665b-4fdb-ae58-2b9c6d4d30c7,24,1
d098dfb3-6925-4ef7-b263-08819dd407cb,25,1
6fa91bc9-36af-4d74-998d-4b89e2b84636,26,1
d8f0fb9a-d603-4b79-805b-b551c9353d7e,27,1
17d2d1df-182f-4460-b748-b3fdf830d6bc,28,1
f1588c7f-4144-47c3-8f8a-fb109bcac07e,29,1
44398b1b-480e-4d04-ad88-74ff8cf78010,30,1
19021878-febd-46c4-bc7c-df74cc899809,31,1
de36dea0-4c56-4e2c-9553-b21ed0ea3cce,32,1
bd7ee567-53b6-431c-8843-1099f38b641a,33,1
34a3542d-0ffd-454c-9de1-aa68a41b0af6,34,1
bd21ecf5-6e6b-4c44-a53d-d1a94815038d,35,1
92cd7f53-400c-49fc-98ce-68db68aeef01,36,1
17e22e49-709b-449f-ad01-1022926c882c,37,1
cfcb1a33-eaaa-463a-95f7-ec65db85dce6,38,1
68b0bf5a-9efe-404c-982f-68a7f1e6cdbd,39,1
38c5becf-0216-4a33-80f2-d4bad4e36ec7,40,1
05abcc15-66bf-42e4-98b8-caca09b7d77b,41,1
90aaa492-cbf5-4a42-906f-e764af026975,42,1
e9e5d74b-6ad0-4e22-bd12-917e58540f27,43,1
d74598ef-99ab-4f3f-940a-e9a2f27c009d,44,1
e872d2ab-8c09-42aa-81e0-2d366b4cfd44,45,1
68fb0a12-8aac-418a-8efd-912607b5e763,46,1
58d8ceeb-6ea8-4049-8372-489805a1bd14,47,1
7705be27-643c-4b00-a2b5-4508750d1e99,48,1
53960931-9f73-4af6-ab2f-b0cee15b3ca8,49,1
04e92d8f-d197-4c37-82f1-300c75cd4dda,50,1
c3141b5e-b59a-4e74-bde7-b4f05989a6f5,51,1
c2294fc8-30d5-46d4-b527-245b3c0de199,52,1
ff21547c-284a-4f77-9e5a-ed711e98cf13,53,1
c20024b2-d103-45a2-979e-f78c1ac4f0f4,54,1
53d39685-224f-46b0-b278-54af07611a31,55,1
a8a7f3c2-87b0-415d-9b17-809e0d1f7428,56,1
f0aeaf5f-df0e-455f-8f23-5eda4d68d6a6,57,1
1d9db376-5cf6-48b8-9570-f2d075c1371b,58,1
e03dadb0-c441-4b57-9cc7-a6ed3e994c9f,59,1
f473a7fb-f022-479b-a685-50928e324f41,60,1
9993399c-c0a7-4570-a2f2-97e9fb26120b,61,1
6f297d4c-4a2d-4f84-bf72-af4957f8402f,62,1
465889b4-16d4-4091-9572-b09bd3d0eaed,63,1
25330478-42f5-4fd5-a4e2-64d5c5d07e18,64,1
469ef163-3a5f-4586-b9b7-f0f84a1f1af1,65,1
904ff292-6e30-45f3-84de-0bb057bd8780,66,1
17f87562-c649-47b6-bb7a-b2653ec4b5e4,67,1
2b9fbdaf-3ea7-4749-93fd-dd19ff275076,68,1
160f8851-3b08-4908-a386-9cce07ac3219,69,1
6fc4e642-3756-46dd-8976-4197e6d6b030,70,1
68158dbd-108e-4910-9a8c-01e7009a03cd,71,1
b605c9fa-7101-4520-a05a-9837893ad1f8,72,1
e253fb68-7c12-44ec-bacb-7db4508d025a,73,1
c6b51ac4-e99e-4e24-8d01-3937379eab8a,74,1
ee62d69f-8097-47fe-adb5-0c2b06aa479c,75,1
cb544f72-4457-4e85-9ee7-1764756f1271,76,1
2c3b124a-5dc5-4425-88e4-c5d318076cf7,77,1
9d92468e-e39a-4dfe-81ce-0bdd05da72c9,78,1
d94c6764-0c6e-4443-83d5-2b0c0c620fd0,79,1
d4c8f1c3-336d-4e63-8b63-d60585617e4c,80,1
4c123e95-966c-47ef-b427-26c4c4920d83,81,1
2e4dbe4d-904a-4fac-bc91-3ba29b7cbbf1,82,1
3fcb4b93-6c0d-42a1-9879-13f0d1bed0e2,83,1
d9d9ea9a-3c2e-402b-9380-876f9ed7b2fc,84,1
5109115b-1760-4e81-9464-34c6476e2f4d,85,1
3745fd34-6774-4fc5-ac83-2b9cf7fca12e,86,1
03a124cb-8e93-41b3-944f-a97a22132fe2,87,1
2a26bded-01f5-4a70-93bb-92f73de12af7,88,1
f82c98a5-56c7-4346-bc8f-02df16791553,89,1
68debbc0-fcbc-480f-b5d7-20a891683d48,90,1
03ab8393-43e4-4073-b695-f1c375d49611,91,1
183e731f-398c-4cc3-acca-4341c354b8eb,92,1
c77aa1f1-d418-4ed3-935c-bf72f8522bab,93,1
7f1b7202-00c6-4276-a458-b2a19bba1bc8,94,1
6fee2c08-ac9c-4643-9c45-38efffbeb87a,95,1
953f8c01-0d07-4886-b69e-4266d7a0ed54,96,1
e3e768ad-0301-488d-8100-49418ab8303a,97,1
c510b874-65f4-49fe-8b82-7639980f9c71,98,1
85251c5a-39e7-44ab-93a5-74e5196ece67,99,1
a6e24929-4f0e-458d-a29c-bfbe7ad5b7cf,100,1
2c103117-6f0c-43f2-8178-33ea769c0914,101,1
e0dfe6d3-0e7c-4e75-85ad-8806675e7080,102,1
ceef3cf1-fda5-4867-b373-0a2ba4f4651b,103,1
76c544d1-2b42-47a2-a10a-ea5325a7700a,104,1
7360ae74-b591-40c4-9489-80a666c82782,105,1
b2287a4c-5920-47a1-92c8-0aa9d9a4313e,106,1
0fda2360-f2ac-4148-bd33-428de345a97f,107,1
98235ed8-cedc-4169-82ab-beaeef196d31,108,1
817d0e6b-de37-4cb3-96ac-52d29205f7a2,109,1
0a75cff5-e433-4de9-bd4f-dd054f8ea2b1,110,1
ef9c3f5b-79c0-43a5-aeb9-55ed02c4ab25,111,1
6fa7205d-dfea-408b-91eb-b6567179a4ec,112,1
5bb1dfc0-3ca6-42e5-9705-c4f4ccfa09c6,113,1
721d0018-81b7-43af-b68c-d91ad98f6c7b,114,1
c23429e0-a6b3-4910-9c31-a440561343d0,115,1
e631a4b3-20f1-4a51-9204-df79b6ae10ce,116,1
c6f32057-e56e-4372-b2c7-057bc18a2b87,117,1
fb9cd821-6162-4a39-b843-5f1349453fbd,118,1
6e004972-706c-4268-b9b4-5eb8c79547d8,119,1
b726294a-a02e-4d87-a10d-0864c33d8737,120,1
72f5a154-095d-4c68-9b09-946381acaeea,121,1
c2d33432-a89d-4c8e-97c1-f9f4d4786b39,122,1
f75954af-5676-45dd-966f-0db39e8815d0,123,1
8fefda66-9825-4513-91cc-7cccb4cbed7d,124,1
d746f9c3-0e7b-45b6-948e-eb0870d3286f,125,1
ecf86653-6480-464f-83d5-6c6b60647770,126,1
e9995511-044e-46ea-b0e0-45d59e0fa9ec,127,1
82df8705-993c-4fc6-a6df-88cb78a1d9b3,128,1
fe215845-e66b-468e-be30-7d0c0f341fc3,129,1
25ae7b39-248b-4cd0-acd0-83f289cfa66b,130,1
607d23d8-ed13-44c7-b3a4-71cf3fc21d7a,131,1
9fdb47f0-9a23-47e7-b021-9b3c0793a188,132,1
a831051f-505c-4842-8057-b2f84c66122d,133,1
ca9d22ab-b263-4567-871b-4a4d67985ab3,134,1
35ed422d-33c2-4467-880e-0fbdda0f89bb,135,1
4e023922-d9e2-4ed5-8320-1aa5e83b8139,136,1
70d2449c-4208-4fff-aa9e-97b4e0829a7e,137,1
cacc3e83-a9d0-4ca1-8d21-4fc95b88f60e,138,1
28a27381-2e25-4e2d-84b4-f10a7c679279,139,1
0e455fa1-ca8a-4551-b887-83182ae61aca,140,1
073069e4-a1f2-4c7f-8104-e8cdb960da4c,141,1
a23d23c6-4ba3-474d-8fb8-2c60e81e4a25,142,1
6cf35cec-f8c8-4eb5-9060-f5b5b91a0757,143,1
8ddec6f0-eba3-4c08-b08c-6c11500b5948,144,1
efb0a06f-33d7-4dde-ab5f-62bc27ef772c,145,1
52570707-13e9-4f6b-81d6-60239a5d9b2c,146,1
178a3dda-e7d5-4221-a24e-a88aa71c03c0,147,1
3d64d825-a101-4901-88c9-7bde7aac51f0,148,1
a0902da2-1828-468f-8b85-85b82020f342,149,1
56c50856-00c4-4485-a266-52c94c07a47f,150,1
b3b1936b-6da9-4bfa-86bb-2254dfaec50c,151,1
9aa7ee94-3190-43b7-9d62-992e088c1a98,152,1
e4b4bd09-2b3f-4f80-bb8e-c4bb1c72a6b3,153,1
6186434c-8976-483a-8da1-cddc8d1b1273,154,1
2906a62f-437c-49d7-b540-a7976bbb063d,155,1
6efc5050-482f-4024-9752-e90f0581df57,156,1
dc6678b3-14c9-4a87-8fda-410003431b41,157,1
03a15bb1-13a9-4b73-ac1f-842aef894d78,158,1
49e5aee1-54e0-4a9c-ba37-34431c47271a,159,1
05737ce3-81cd-464c-a321-e7953ea28864,160,1
b9f5d43b-f097-409c-91c0-e2f2feced8b5,161,1
8f67acd3-297d-4000-93a3-fa905e38c4a6,162,1
730ab6a0-bd2f-49b5-8632-2ac1b02cbcf0,163,1
1ca05da2-43d8-4579-9820-c7388b7e6288,164,1
5c1c50fc-4b2d-48d5-ab83-8f0120bb3176,165,1
1debc7a0-da13-4ffc-80c7-340e9f320dbf,166,1
b1fca41f-88a5-4f66-b04d-cfa540a6e8a0,167,1
6841b628-a024-451d-92d1-3cad54d48e94,168,1
45a32d8c-634d-4f32-9fd9-e07ee291b2a7,169,1
a7463052-1c23-4c04-a897-dd86bb6c4646,170,1
5140cb38-f50f-4f25-b907-ad6dd653a04a,171,1
ad9ee2b7-2794-4da1-ae87-ab22048cf7df,172,1
2a9c562a-51d8-44b2-830d-f7a0fa384cbf,173,1
953ca70a-c910-40af-96e5-a7064e3c3a90,174,1
8ca0efe2-21ca-4635-ac28-46c276ab7451,175,1
fd132f20-e77e-4b89-a82c-a2e77b51d0d6,176,1
2095632e-b9d5-4752-81ff-613724abb933,177,1
e79d74ba-619b-4a3f-acf6-feb6fcf60c59,178,1
6e88034c-289f-4839-9e84-d6e9e9e412ac,179,1
ccde1345-4246-411f-8121-55301fbad882,180,1
03ae921b-e608-41cb-94b9-9f253f1244c3,181,1
1dbc0e48-943f-4662-8e34-6e3189cd9d3a,182,1
edf19385-e37d-4846-84e4-c5c553f2605d,183,1
d44179da-1747-4837-8a58-76b9b397d004,184,1
e04d249d-44fb-4290-8982-a03d6997b829,185,1
7cdb332d-99a0-4554-acd0-31a8b6cda14a,186,1
ebd78cd0-167b-4cb1-ac87-1ab3c85d9e66,187,1
55bb83e4-b657-43d0-8964-e66022ddc4f6,188,1
f5f4f528-339d-4f22-85cb-471481b9c1ff,189,1
49cd3b17-0f4e-443e-9c50-2110a705597e,190,1
d7e84ac6-b9a9-45a1-9c4f-276eafccb6fb,191,1
3efef687-1efb-40f7-af47-548e5e813383,192,1
5366d4c1-78d0-463b-8af2-f13338af7d37,193,1
5e78ab82-8dad-4530-8f94-8e2146b9204d,194,1
d976442f-5e11-4164-9082-877f80789308,195,1
21d9a57d-999b-4216-96d9-8f303664836b,196,1
86f90dc4-dfc5-494f-bcd3-5be8311d889f,197,1
04a87818-08ed-4ba6-8660-52be70ab7db9,198,1
628211ad-5473-4fb2-9262-841e4eeb56cf,199,1
a17a0eab-9ee0-4838-b4f3-3231c4e203a2,200,1
25967791-1e08-4d1b-b7d8-43ad0269a321,201,1
7b778088-d6a5-4cae-81de-3adb977bac6c,202,1
81229c26-f2c0-4a32-bf76-57c14bfc2f6c,203,1
76e8098f-a65f-44f8-b049-da7ace9f54f4,204,1
eb186e31-7be8-45fb-8aec-80deb6385d22,205,1
1810a723-fbc6-45bc-8ad2-ccfa491f3ed2,206,1
49c35868-93d3-49d2-9c06-118a1719cdfa,207,1
ca6cf53f-8d84-4c86-b338-7e5efae9d8a3,208,1
7124e8d2-0407-4db8-ab0e-bcf6d3c8ae14,209,1
1b4e77ce-fa79-4c05-8d99-4d50f8406dcb,210,1
ea3ae746-f5ce-4fe0-b270-699934a64571,211,1
716a2b96-d1fe-4b4b-903a-b0b45fc2be03,212,1
6c8f638b-523e-41e4-9619-7e521b8bfbff,213,1
856805b8-84d1-4b0b-89df-6d1660177481,214,1
b7d05157-ff35-41f8-92d2-0a13355795c1,215,1
c7f4c325-681a-4440-9026-f46952e2965e,216,1
b6f0784c-f72e-4afc-a2a1-4605f1da4530,217,1
4685c68b-7583-4f23-9fa7-30f08e1cfdfa,218,1
38310fbd-67e8-4827-8afa-9ee91254f84b,219,1
b844fc1d-4e91-42e8-b44d-ffcf77fede53,220,1
d0ab86e4-99fb-44d4-bd23-34d063381811,221,1
2f315e74-6340-405d-8aa4-28b4a50cb535,222,1
73db9051-8762-45e9-a20f-49a87a715166,223,1
4ea09cc4-441f-4b6d-a7bf-45899b79cab6,224,1
87386f92-566f-418c-a77d-82784d146757,225,1
423af3bb-3457-4036-8cf7-ce90b5588d58,226,1
1b891946-a3e3-4aa7-a681-eddf32bdb31f,227,1
facd0f63-2029-43eb-a57a-033e67ae2a61,228,1
ca6779ef-c808-4160-bffc-a18907cf6080,229,1
0b8bfa8e-d202-4ac3-93fb-2f8a6f7754c9,230,1
e0f07cd2-f343-4ae4-b840-35cf37a39fd9,231,1
db9f07a0-7de8-4428-ab20-4ac3507fc510,232,1
2555dda4-68e7-4c3c-9ece-947d7ffc682a,233,1
c3a723fc-18df-4f1c-8852-c61a63602667,234,1
e7808000-92af-41a8-b97a-0458bd7fb334,235,1
31ee1be5-2890-4c0e-973c-795bd534334b,236,1
345c97f6-9a98-4fb6-a2ac-66c8b5c15f82,237,1
1ad2488d-a8d0-4126-9c96-0f2ade0e1273,238,1
0e477d05-bb5c-4037-ba0b-6a3202a403e7,239,1
5e0ef8f2-9f3b-4b4d-b997-8d4d9faa2de4,240,1
1a68d36c-c14c-49e0-8abe-e0ac20e8940c,241,1
9cc6ab5e-381a-4544-bb0c-ad79b496ae6f,242,1
5e082c89-12e2-4ff6-9a86-ce4e58639b78,243,1
b550244e-27d9-46c4-83a0-99f3878de875,244,1
4e738dda-5b68-458c-9349-2be6920e074e,245,1
97487fc0-f52f-4f37-829e-bb16b811304c,246,1
dd978217-f85a-4cc2-9d99-5f2d2505d57d,247,1
7997660d-edfc-4ddf-a453-941f0b89589a,248,1
af8a7564-1a2b-48f7-b0ab-fe92aae7c472,249,1
e72778e7-1bbb-4aa8-9e77-52aa8587cb45,250,1
d354a511-8b6b-4aab-a6fa-23af1c57b516,251,1
9f2a2642-288c-4a54-9b17-0a69a65e0cc0,252,1
9ca6eb55-f061-485a-9c6c-d014cd7a0321,253,1
5a2fb22a-1026-46aa-a2c0-95ecea4f5e08,254,1
da9ce7ce-6efb-4f0a-8236-529bbf1f5e2b,255,1
6f9351fb-8681-4acb-8211-f8fdead77d43,256,1
f879cf54-8930-4ea0-bb92-cba54ad8ef16,257,1
c9957a3c-6555-4b6a-b7f8-35afb917baa2,258,1
a7d39fb1-396b-461c-be6a-273e0b359ea7,259,1
cad00b49-b747-4e18-9365-667e9e4f601d,260,1
345f1a8b-d7b7-4149-ab7e-509e6c67959d,261,1
962a6b67-6371-49cb-8977-739c07ee7d08,262,1
8f30975a-a321-4a17-810c-5366591744c1,263,1
953bd7ee-a600-45f8-ba70-1586283907b2,264,1
1cc2ef23-9882-403a-8c32-9d099dd2b588,265,1
8646a1e9-8323-4a37-ab39-cf0db5b2097a,266,1
db57feb6-16f1-495b-8954-b3343c51b310,267,1
0b988236-9647-4c1d-9592-1a7dbb8ea062,268,1
11ca1ab4-6b9a-4c3e-a6f9-7b7498065651,269,1
68f0146d-5cde-44e9-b139-7865f8136efe,270,1
ed61beac-b91d-4eed-9ee9-99a53623d788,271,1
438ed83a-2ebb-4166-ba74-237e40628a97,272,1
7f00f35e-3c17-430d-9220-8c46321e656d,273,1
851085c6-1da4-4d39-9bd7-fe06a6b8805c,274,1
6a8216d3-0f74-4a32-b179-206fe3f25def,275,1
3c803354-4597-45ff-8104-8882bc88fa8e,276,1
fb681750-4620-4da7-ba61-b1d229e3a547,277,1
da87d59d-d32a-4e8e-9f2e-7a79af5cf2f9,278,1
3645564a-2b0a-4064-bcb2-cf5f0c8d7b24,279,1
b2657243-05e0-4439-9f93-83030e623ed0,280,1
7fe9f426-58b3-4d40-a7f4-a00ec1f68fe5,281,1
bedb7a5f-bbb6-4e45-a4b4-83ec4fd17319,282,1
1bed1e08-2930-4b8a-b9c5-0aae9fa2bacf,283,1
363403ff-aa0e-41e5-b837-b5f7841d6036,284,1
165a504a-9e0e-44e7-b573-e89359191ef8,285,1
99ef120f-343a-4b0b-a111-c890352a97ea,286,1
df044cd6-8bf4-4d15-be48-9d431173dc92,287,1
7e2f990d-0224-4d68-b1f9-d2fd6e19fd89,288,1
16dfaadd-6f0b-4800-bf90-94017fb97375,289,1
c24edae5-4922-4642-8fc5-5d85441210b8,290,1
b7d82c30-819e-443b-8929-152ab9c3ade1,291,1
6e9fbc39-592d-456d-a690-dc25cde28469,292,1
05197f52-00bc-4f41-a31f-fab3b0a6599d,293,1
64d09813-4ffd-444b-b621-4eaefb62f6f5,294,1
84dfb5df-023e-453d-8742-6454f7bfa9db,295,1
1d695339-30d9-4831-a08b-4abcc0dc00ed,296,1
f851a325-e843-447d-b8c5-7e3b7d676237,297,1
24424e64-dc99-4645-892b-b94209d5e98b,298,1
a47e2497-6e52-4c20-ab81-92df33b80463,299,1
e5441ac1-03a5-44a9-9ebe-2f4600f821ad,300,1
9b875f73-36b5-4ba7-8248-c72a41f27215,301,1
77be840e-e432-44df-8e0a-7e82a3d4888c,302,1
ff99b196-787c-4b0d-b24d-4932482526f9,303,1
bc01ed74-4a1b-411b-a0a6-609dbb5c4c7e,304,1
07495534-8fe7-4b31-a411-f3523183514d,305,1
c43eb208-b386-4b37-a65e-437317f79770,306,1
c71ceb81-bb0a-4171-a381-10c501ccd6ed,307,1
7faf354a-766d-4628-bee0-f0221329166c,308,1
61dc0713-aac0-4269-b226-ac7a41044019,309,1
7004bf52-7ee0-47dc-a524-7a0a050a356b,310,1
93779297-7ce9-4dc3-ab92-cedc7f84d4c0,311,1
967b93d0-d828-47c6-b1cc-c1e16890a82b,312,1
e64e1e0a-93f5-4b53-abf9-a44132d90253,313,1
c43a1970-4407-42c9-b735-80e98359654d,314,1
9089df2f-0bba-4531-9761-cd014205fcd5,315,1
4f5e1eb9-d899-41db-85d9-68520c0444a5,316,1
5b540797-31b0-463d-95e6-716e3fdd1240,317,1
1ce0086a-bfce-469e-82a9-205954d60212,318,1
01148d07-9db0-4914-8ebe-5d5d1b14d81c,319,1
db6f04f1-1d61-49ec-9a79-46bc66330f82,320,1
607b42fd-3158-46a5-83f8-c5e5bbd4e37f,321,1
5a4ec3c5-ae15-4afe-8c36-be54926f9f37,322,1
9f52cd2c-b369-49b2-b879-a276dfed0d5e,323,1
80666234-81f5-4f6d-b580-c491a6b68d63,324,1
bc59c9b8-576a-424a-bc90-d9f303ad15a9,325,1
37fb06ab-712c-435e-b0ff-1ee3c26ee249,326,1
1a7409f1-4035-40b1-8007-f89af51dcb72,327,1
be86810c-b7a0-4b4b-a78c-9efca5943e50,328,1
e3eace8b-5b5a-4d64-8f01-e5cd02e86d5d,329,1
ab948c7a-ae9f-4bd1-86c9-324737527611,330,1
af73f2ef-ca1a-4bf3-80a7-aad5cad286c1,331,1
5bdc1929-07db-43b4-be67-26b619b76eca,332,1
93b05fd3-27e3-41a4-93f4-24672a8d3a38,333,1
8ef959a5-49c5-4528-a5b9-980f316f5c43,334,1
c8eff916-c55b-47d6-a9f8-c52fdecc4da4,335,1
6acc4f6c-7038-4f97-95a9-7af9cb18a8c2,336,1
7780008d-e60b-4388-b212-aeeb655fd9df,337,1
50892897-11fa-4fed-aef5-c9db2b51c02d,338,1
6271248a-9c61-4153-ac58-8424f14e14eb,339,1
cc6c8688-fdb0-4bc3-8a36-6cd3cf7befad,340,1
dcb4395e-83ef-4a73-afdb-4f84096446bb,341,1
202e216d-c407-4900-9321-362020f97ce3,342,1
1e86c305-0b32-41e4-8ee2-bb4075638237,343,1
f2a64245-177f-41dd-b7cb-80d32a7bbb17,344,1
b15954f1-bd8f-4814-a2bd-b0058ef60eaa,345,1
b51cbc8a-7935-4b78-8505-6ff2d749c4b3,346,1
39cbc685-001f-4732-834c-83d3abb4fab3,347,1
9761971a-1f84-47ce-a5be-ae87a0f27a88,348,1
3709f8ec-ae26-4fe3-8033-62ad0abd3efa,349,1
7c27f71b-c75b-4c3e-b883-4ed9adb0fb28,350,1
fd1f2e1b-04af-466d-9c6e-fd5e9759baf5,351,1
456891e5-db34-4e89-8e3e-de5c14b39c4a,352,1
9f496b00-2db8-4217-b9da-5726d3687821,353,1
9c16b681-2fc3-4dc5-98e2-40b14a996f35,354,1
9e863e79-da6a-4203-8224-97ceadc7578c,355,1
29221e40-1831-4375-b304-fb0c99fa446d,356,1
703cc127-d5a6-41b3-bd67-d54a6deb04ba,357,1
69c32cb1-3ea9-42c7-9a09-6a41a883c582,358,1
2458ea0a-f4e7-4af3-8b30-25299bce30d4,359,1
9030ea62-f027-4f1a-91ad-550267949e2b,360,1
a4299cee-0594-461e-81f5-22a3438f46c8,361,1
51d741ce-0228-4183-8bea-9eee691ca4f4,362,1
c4941690-2a95-4e8c-a88b-568e0048038d,363,1
d7f81dee-d829-4865-8a9d-23bd48d30bad,364,1
f55c8444-736a-48c9-8961-ac2ea8acf7d0,365,1
9dfc134f-0849-4540-9e14-12ce0d346891,366,1
8b5993ec-e9f6-4f2a-9e1a-78c2d89edaf9,367,1
72e8200d-6641-4d73-844b-fdd7f4078f1a,368,1
ed2c1e8b-493a-4203-95df-94e799eedf81,369,1
b37ae2ac-d8de-4f96-adf5-7561a9a22e7a,370,1
0d2a00d0-9cd7-4bf1-8fcc-2c389b5e3be1,371,1
98674661-c92a-4e4d-a690-38509fd8017d,372,1
30c7878f-9cc9-4bd4-901c-44825f2bcecd,373,1
75f016b8-a169-4510-ae77-786a28d6cc5c,374,1
417f14e7-b7ef-4670-ab74-c0f07f5bb353,375,1
cda93421-e00e-4a84-a36e-c480b906fe1a,376,1
e8cd9914-02ab-4c72-83f4-823d426864bb,377,1
4c577c74-a0bc-4496-a37f-7ddb356da2df,378,1
89d6fbd7-f595-4cf4-b713-919c402dd614,379,1
5a51a99e-9e2a-49e6-9de2-320a015820a5,380,1
d35f7fae-c9c9-4c75-9c75-85f6ed92c70f,381,1
54cdbcee-1c8d-4d64-8f37-7e4e5c5b28eb,382,1
6330e6c6-fdb1-49dc-a123-8e358807d879,383,1
cbf6783a-95e7-4545-b9d2-f5159f65559d,384,1
03f80731-b43c-4086-89da-d366e2bb0925,385,1
f00d372e-128c-475c-8022-0a4d1d31a0a9,386,1
d41be6a8-30d8-4713-8648-8bb69a391ba8,387,1
c5ea4131-2be0-44d9-80c2-8f24ca728fba,388,1
3e409d89-036a-4665-89de-19fb5bbecc9c,389,1
af2518c9-a0cc-4209-bf21-6cff7f32b2e3,390,1
d0e4dbbb-0914-4b51-a438-3b72c717df73,391,1
5be29632-ca5f-494e-8c4b-f09c66c9fe35,392,1
0386ac24-0a67-4203-b2aa-0c5e77607b55,393,1
cd360f3c-b933-4436-a87f-9568cf33dc59,394,1
2df65b30-c555-48e6-b3f7-abbfeeec7f64,395,1
af9666db-e06b-454d-a70b-db934c4a58f6,396,1
1029d5a6-0452-42f8-8fe4-7e6f115f17b6,397,1
e025fbb9-f444-4655-a1a3-d28887dd352a,398,1
24196b86-6c00-4ee3-ac43-2b229fc1aebd,399,1
48511a0b-4b15-4ff5-9bd4-dc7549438d29,400,1
1cf039ba-ac99-41f4-9822-7db075434b67,401,1
53a78066-290b-4ebf-aed0-bf41d910c7be,402,1
2b6cace0-b727-4f5f-9fc5-ffdba9c1b937,403,1
08462a9c-f383-4808-a729-7a3469dd7c39,404,1
9691501f-b056-4d5e-92d4-4d4ed748b8eb,405,1
29706cb0-0570-413f-ae87-4c1399a63f61,406,1
3b2d6ffd-8e03-40e8-a43a-ba51c476e317,407,1
bc53ae59-071a-4752-8ebc-5fecd125ee89,408,1
25a1362a-c79a-4020-932b-e6499bc544af,409,1
634bbeca-4282-4a13-bdac-9e4c913c2276,410,1
36203737-6a71-4c2a-9163-77c5d5a77f03,411,1
c23ed794-6f28-4b09-9d5c-2f0b843c9679,412,1
625a091f-7986-4363-b082-d1e87ec251a6,413,1
1d288beb-fcc9-490a-be58-568eee09ebf1,414,1
629ade71-888e-414d-aba3-0dfc6d25d020,415,1
6af4259b-ca03-4a81-8108-ff7d2f438fd4,416,1
3e342099-d34a-4a21-81be-231a918b282c,417,1
16574ec9-eedf-4441-ba29-e19701670024,418,1
bba41d0c-1337-4cac-becc-fbfb4c0f8585,419,1
8a5a6356-e09a-41da-a18c-029241e0b606,420,1
c533125c-6dd6-49bb-98b7-cc2302657fdd,421,1
d0a1dae2-eb29-4b02-af5e-6e2c229228da,422,1
016ee443-0318-43c4-8c76-9492a0805a8b,423,1
8e0db1fe-df72-4760-9c7d-b338b6ad5318,424,1
1aeee8e2-fe22-492d-a845-d06950fd9f82,425,1
b673cc11-f3a9-4d59-bc3f-40c0f0b9145b,426,1
8aff5bcd-d6d3-4a31-a494-2618783746ad,427,1
27a748b2-a630-45fe-8cc1-c3f462f1ea4b,428,1
8066ec84-0bdd-475d-ab10-1a740d7598d6,429,1
c3d541f3-aeb2-4db4-9dc7-5f028dad073d,430,1
2093b640-8248-4636-87ec-d346b11903e3,431,1
6fcbd5c3-7e4e-432a-a2f7-bff71522cf89,432,1
e7492764-76fa-4a81-ae4b-a9129f9b652d,433,1
91fb4308-a5cc-4066-98f3-d504edba122f,434,1
4fb45ade-bc64-450e-9dbc-ed1de362de18,435,1
a0415833-a88e-4355-ba52-432dd7dace63,436,1
eae2bbe4-dbd6-4cf3-a014-7ad7d980281a,437,1
54b5a73c-2f6e-4f8f-ae71-fb3119612bb9,438,1
8fec75d4-4488-4e7b-9567-fbb3f91cb441,439,1
770b875a-8bbf-4733-a3c4-214ce5da3aa8,440,1
99e374f6-1301-42eb-a7b6-79eb479d6b6d,441,1
7219ef57-c3c0-4575-a42c-d840794a1fd2,442,1
5ef47df2-3585-4f98-b303-1033554bb153,443,1
ac9434d5-e440-4559-ad8a-ecdaa7b5a3a7,444,1
ca41b069-a8c1-4202-89c5-db03b18592fb,445,1
f73a4d2e-faa7-4aa1-8761-641c87dd8ec2,446,1
1fe02d9b-875a-4ad5-95da-c7ecf270ba83,447,1
155eae27-1d85-4d37-94ea-5b9d38018968,448,1
19a812c5-5614-4226-9c9b-f3f72ef5fdda,449,1
759bd016-794c-4182-a2d5-4b7d4b3e69b8,450,1
151ae495-c773-41c2-aefd-76c5d14ba8b3,451,1
bac4d63a-d28a-42be-9afe-180b2657cf6e,452,1
74957731-748b-4ed8-8769-52de106d18aa,453,1
1ddcd061-d77f-405a-8dd2-b396b8cdb721,454,1
246cc134-a493-4ae7-86c2-8631c6b30354,455,1
3ba37ffa-d581-4b69-84ac-44019f0b4eb9,456,1
b67edddb-a96d-4b55-8268-22a8287799d8,457,1
82d21e7c-ae80-4060-9af5-31a4de58968f,458,1
e81f43b5-d415-4131-82af-4a191aaf0f60,459,1
f2fa74b2-e024-45e0-a0be-437fe384e1ab,460,1
ad8e2c6a-aaef-4e5e-bcaf-364fd93feac1,461,1
c41f09bd-5b82-4fb6-ac7f-67c6106a16c3,462,1
293913e9-4a97-4100-85f7-3c830a3005d0,463,1
5cd56862-2cd3-4ee9-b72e-80e6efb19a28,464,1
cc193398-a867-43f8-b2ef-a7ae1891633a,465,1
9209a45a-dbc7-4513-a10a-7e042f80468d,466,1
6e1e1097-e99b-4e03-99ee-049789f20349,467,1
fab8c23f-234c-49f3-aa6a-7223ec2f8876,468,1
ffa0cbf1-c549-47ab-9bd1-dd49da7236c3,469,1
a7bd22e6-9b84-45ff-aa71-9b03eba215d5,470,1
71f17888-2323-4e6e-858c-f6b05bb6df08,471,1
db16a829-48d6-4ab7-8828-5014c621e717,472,1
3c96d0fc-92da-4d52-a40e-92cfbfbc0dc0,473,1
7bec4e90-ab8b-4258-a476-e0d56d5429a3,474,1
25dc7984-c9aa-4354-9d0b-24001a39ca11,475,1
e3658b4c-f0a6-407e-966d-df9c6d7b6114,476,1
585f850d-1668-49b8-a30d-5f7185aab091,477,1
63ac609d-d7b3-4c37-acb5-0f5ed1afca46,478,1
c8c4ce3a-4dcd-42b4-aa85-f9916c27c9db,479,1
fe5f27c6-2d2e-46d0-98b1-abc478a6c8b5,480,1
d118de0e-65fb-404d-8f1a-105703b9972c,481,1
f6038537-745c-4a38-acae-5cedaf407b00,482,1
84729b70-a8f0-4cb8-abec-1a5c6973b8eb,483,1
2b5853e0-8d2a-49ae-9596-312237063e4d,484,1
ea9241c5-4113-45ca-a9a0-f10e73535225,485,1
372b1a0a-7837-40a8-8585-3ac6170f1110,486,1
b0ab6ebc-6bc4-4684-8bfc-9c99a708244c,487,1
8469b9c2-3032-495d-bc7f-aec188e08dee,488,1
48858829-8fff-437e-8308-b571d0c7aee6,489,1
df058410-e1bf-4cf5-83fb-4640c7cb3c0d,490,1
05973ba0-7589-4be4-b527-13686cf62762,491,1
02dc24db-a135-4cb3-a643-1ed585736450,492,1
fe006dff-640e-40b1-90f1-8514d531ccf8,493,1
007de7e3-436a-41ba-8e67-bffd7bf82cad,494,1
7868c32f-58cd-4cc3-bb65-e8d115ddb967,495,1
27ba6005-2d55-4764-9242-805d56f72a02,496,1
314fe6f4-9b65-4394-884d-e23bd8b9fa3e,497,1
fcf1b9d2-0c9d-49e3-9aa9-166fc3cf5dce,498,1
eb6d4df2-6594-45d3-aff8-2e5fc28fbdb2,499,1
46277b16-e133-4e8e-9191-bff4b4c1e536,500,1
fec34e1c-72f3-4ba8-b3c5-612c6ae8d127,501,1
469c3374-0a5b-47b1-a8a7-462eae34d5f2,502,1
5f0631e4-1f28-4292-8d1b-672926b0d4a6,503,1
c11b84a9-49fb-49a2-b8b6-f52e5d028337,504,1
d689fdac-d32d-42f2-9b8c-d23459db6ea0,505,1
d6ff6d42-3a76-409d-abaf-5228d46fc14c,506,1
1f84f58a-629c-4bdf-a904-e1941f3d8097,507,1
95d0b528-8a01-429e-b8ac-c10ecb862615,508,1
f1f667c7-71b2-4943-afdc-0b040a94ece1,509,1
10455c1c-4f50-4165-bb93-cf3359edf1d8,510,1
92cf2e99-6ec1-49c6-abea-075ce76d9c72,511,1
6b5b76ad-a277-4270-b40d-6d8c867708a1,512,1
63148bd5-a7b3-40df-bc3c-76135f570326,513,1
b14a6544-e0cc-49f9-941d-f17294dfc921,514,1
f546e591-fab4-4640-a244-7934111f2528,515,1
cf52f625-fbab-4bd9-830d-7c57623ba160,516,1
81904f6e-ef8c-480a-8e96-95d9432393ab,517,1
1f1b4d10-654d-4132-bdf4-2ffed3c8b781,518,1
d1180f6a-e679-45f8-b11f-d000eb2ad81a,519,1
8aa59508-ae90-42c0-86cf-8538699cc039,520,1
0c79c41c-ebaa-4206-8255-5fe4627bac9f,521,1
bbe91a59-6d3b-4bc4-87df-4220793babe6,522,1
51fba259-beef-4982-80e9-1e9b76b55801,523,1
f42140d5-0ef9-4be6-9d1a-60fba4e0a5a5,524,1
6b1b7ec0-ee6d-45ec-996f-ca52dab04bd2,525,1
a0cb3a56-2632-4b3f-bac2-25411ce490ce,526,1
2d07f441-43a5-4465-8496-326b429656f7,527,1
dc639a7a-77fc-4206-afe3-32f83701b714,528,1
fbcae503-5720-4e86-b121-32b8629e912e,529,1
ad0c0f40-fdb4-454b-a544-94fe2384a1de,530,1
56b6a9ca-cfc8-477a-8ecb-93a25b13bfec,531,1
2ba4ef3d-6849-4596-b511-92f71636be2d,532,1
8fd8a6f9-9d05-44f4-84be-606992e68432,533,1
d11d36e3-625f-46bc-a0f5-b18dff7f9dd5,534,1
5f7dac2f-ba64-4651-9d1f-e4a9eb2a211f,535,1
443af2cd-9246-4d87-b878-b3ef979832e4,536,1
ff927f39-18ad-497a-a011-a70d14dce08f,537,1
df736ef0-c3c5-43a5-be9f-2c84f971846a,538,1
21b193f6-bf10-4324-af79-a96961328ae1,539,1
381de025-ed1b-45c3-bd43-ecff0a107dbd,540,1
e08f87d0-d71d-42c9-ab7d-95df8b14914e,541,1
76ecb682-569b-4e29-9ea0-f1e616fafe52,542,1
34561717-50bb-4891-b469-f56902727a2d,543,1
9f324d10-3b76-4953-8f63-0b37ccbbbcd1,544,1
4ed6599a-76dc-442d-a927-4768c788aded,545,1
bc67882f-f45a-4f3c-917a-265c180dc514,546,1
9e4e0245-f776-4d77-80f5-fc1a8a0b6f89,547,1
c0bbefdf-1f78-48e8-b4a5-a40b0e1cc4bb,548,1
2d527692-fced-4224-8b10-2e6c09cbf5fa,549,1
fa66219a-c205-4899-a1df-b64297fbfa34,550,1
a326a1c7-fd77-46a1-9e8f-aade1de5a205,551,1
f5dfdc08-6bda-4ca6-a340-3fee501a2781,552,1
ae74dbfc-f4e7-416f-b0ad-6164f58cefa8,553,1
6460a64a-0256-4609-8d8e-1982eb6d8e59,554,1
ec6adf8b-b6fb-41a8-8540-cc83b5dbc525,555,1
593ebeba-ad31-4579-99ef-72464ecaf2fa,556,1
df95ef8e-3aa1-46ce-9f85-c348355ff2b3,557,1
55fde127-7ee0-4e7d-a252-dc890276b5f9,558,1
1de19f34-7a47-4fce-bfc7-83e52c87c2e8,559,1
341f2836-a2c4-4b1b-9dba-51e3c79a76fb,560,1
a54d2e2c-a768-4cee-b298-8ea7973da1e8,561,1
8986880d-6897-49df-afa2-0115e7e36326,562,1
d2b3316e-0bca-40a3-8c45-325214ce5a21,563,1
0205c912-c3b9-4e21-a9ae-cbeea674bf75,564,1
cffd8a36-1dcd-4232-9ebd-e5ce3dadc2cc,565,1
7ffe3e1e-d98a-4a32-b97b-4ff6d67bcf7b,566,1
27992ce1-3120-4574-8655-036201ac7dd0,567,1
e444836b-7d0b-4f19-815f-70e0b83992c1,568,1
f92a5940-f04c-40e8-9fa4-1faa73e0da40,569,1
c84f75e1-0e7b-4c7e-a5be-91ad56862eaf,570,1
d97c7ec9-08a5-4006-9ad7-90f65b9ed79a,571,1
f022e7d5-e97c-4a4a-9f38-e896f7734d06,572,1
a5bbc9ba-3ab5-49ed-9541-46243b8a746f,573,1
67194214-f2f1-4af3-a92b-7ee2a53622e0,574,1
bc87201a-f778-4bc5-b8ae-5add785338ed,575,1
bcb58b49-f0e7-4772-aefb-d4f4b96dd4e7,576,1
f4a8e685-838f-41da-aa80-6eab1d821e9b,577,1
3fdfdfff-6d0a-4b60-9025-015c14e9a048,578,1
792807e0-11e7-44b3-94cd-271a6dfb2a4c,579,1
610bc25f-f93b-42df-b3e5-464aba74c578,580,1
623b9397-692e-44cb-8794-586403a58cf6,581,1
453725f8-378e-42ec-a81c-0a9f5bb840bf,582,1
79c22b78-95d9-4aa1-8a59-ff580cec5b6f,583,1
901e9bb4-a039-498e-8a1b-598399c46ef4,584,1
d475474b-38b9-4957-9ad0-300f214c4d9b,585,1
8d8edb20-d515-4f08-a3f3-9d57d824a0eb,586,1
2d4e7df1-b1e1-4ff8-80e9-2a64901836b6,587,1
4affa705-6882-4186-865a-298dd1f48448,588,1
7fecc043-e88a-4421-a8d8-39c2f22a1550,589,1
e6b684df-71d1-44d0-84d2-a675b187dc5f,590,1
823e8a10-b8af-4518-9088-545a8b2ec4fb,591,1
a15455b7-58be-4904-b458-038c0d5c17fe,592,1
089c9070-989b-4314-b0ca-a2753bedec08,593,1
91e7e506-c595-4edd-957a-f3e22d576eac,594,1
112e67ab-8fd0-4032-b9e2-03f7ae01ef06,595,1
c5d48fe5-8828-45f9-afbc-0d12f1cf2954,596,1
d20361c1-8128-4685-84ee-64f50f775b31,597,1
a94fcd11-55eb-4a55-b014-c3a3ba7db5c5,598,1
09313bcd-9c84-44cb-a8b0-82317e375872,599,1
047fba76-084a-4957-a23a-ee6279415f6d,600,1
57e9e99d-5b43-4d29-b965-4fac0c819b23,601,1
d42c21fa-6a79-43a0-a8c3-47c159501d40,602,1
b470a7ac-ddb2-4e50-86dc-6161f2518e13,603,1
041e000b-8b7f-4932-bf55-310ef790b793,604,1
8f5dad21-f45c-4d54-a77a-8344c7b62cef,605,1
aca071fe-7f29-4218-85f5-49a11b719bc3,606,1
b915c453-4fbb-4e08-9b41-be3211271adc,607,1
4860724c-06e4-4ee5-b33a-b164de026f32,608,1
a34e453c-007e-45c8-997f-cc8eefb39bbb,609,1
c87593d8-5e01-47e4-9824-607dd54a597b,610,1
87c9385a-3bc5-4d9d-8ff3-4cd1dba65d7c,611,1
eb352b78-9ca4-4b60-a94b-e4a5cb57f249,612,1
8e2acdf6-a34a-4a19-bb2e-7a543a3c5878,613,1
29cde418-ae2a-4df3-8149-349a4a625713,614,1
4bcacfe7-f3f3-4393-bd2c-18076aef9564,615,1
6f296f96-c2fb-4da1-8420-20f37e612fc4,616,1
e5dce2e6-b1e9-4807-979f-fb686c56eaef,617,1
87897e62-83e2-463c-81c6-517a5b4cf92a,618,1
95555a6c-7b22-4d28-bd43-88eb59b637d1,619,1
01524bdd-34e7-47cb-ac29-b145d2538b9e,620,1
104d4846-d686-4b4c-9703-c53abfe6b609,621,1
86d57861-6071-45ed-80d7-d673fcfd88ef,622,1
f02d4e70-044a-486a-8386-5317fb821775,623,1
eac8bec1-54d5-402c-ade9-41e4dedc83aa,624,1
7cb57a91-e4f1-4394-b072-9d54b0625e0f,625,1
3c47ea99-e5f2-44bb-9ace-75acad87a461,626,1
88b21260-7c3e-4762-9505-c32eeca9818f,627,1
6ac3fb8a-2578-4484-8af0-6562a2690c20,628,1
8a8a2d90-c3df-4c09-8de2-54493b1b84b2,629,1
27edca92-3898-406a-bbb9-ca4de52c8100,630,1
b63cb10d-838b-4a8b-875e-973e1962455e,631,1
dcfdc460-b4c3-4449-8346-a89f3cdc7092,632,1
ceef6aac-7e5a-485e-ab8c-d61b13a5ed9e,633,1
042e2425-410b-4e35-8169-c81d134a0e42,634,1
8e5b832a-58ae-4782-b77f-7f9539f27042,635,1
73ee01f3-ac03-4afe-b938-121c7fc4c789,636,1
df2a3c98-409c-49a0-927c-82319081297a,637,1
72bfc5ca-d34b-43bf-b3be-d396d68b5c6b,638,1
66a70bef-2d03-4bdb-80c0-e09de03defd9,639,1
42fd6fcc-fd8b-499e-a9ef-c7697de05014,640,1
7b803b34-1ab1-47ce-99c0-21a57984ec5e,641,1
b8698d3d-de4a-4e59-9751-540a05681e94,642,1
8b726281-a8f4-42b1-b644-62d3c10ab2d1,643,1
b84f9a4f-db5b-49c3-a062-0cc7cb655710,644,1
d54fda0c-708e-4589-aa1d-f25d8b2170a3,645,1
698de897-c996-41e5-a456-8b82aeba20a9,646,1
a98070aa-6418-40b7-8281-3d5f3a1ca856,647,1
db5bc65c-1a33-4a98-be60-00db0c92f773,648,1
26ab8fc5-677d-4643-b48f-c8a844d49535,649,1
47873d93-65ca-4560-b7d6-b328fcc08af6,650,1
757795ef-1d16-489f-869f-b219d1f7d8e4,651,1
8d583eb7-b6af-48ed-bd74-30a83e41cff4,652,1
be12ed6d-e3e4-4bce-b44e-b97c07b6b5bd,653,1
c9e4422e-1656-4cb0-855b-4d3f276183c4,654,1
ded881e6-4530-4d6e-8a4c-368e19f11457,655,1
f3f642e4-20a3-4604-b74c-29acd4d61c72,656,1
cf500c2c-d2f0-48aa-a087-4a793eab21bb,657,1
2309b399-d5fd-4e70-b636-c4c7f19aeed5,658,1
60cd1b87-3498-4084-9225-8c480c2cab27,659,1
bb208b6e-c899-4f1c-9b36-df1b614a1e15,660,1
b5e15aff-7f5e-477f-ac79-9323673fab2a,661,1
0a4da697-2b79-4982-a722-3bd4048a3d81,662,1
62ddfb78-89da-4bb5-9b0e-82e7f347f1f8,663,1
57f55e9e-0c32-492a-bc0d-ff36bd9fd271,664,1
bb20a9d6-aec5-415b-b1b3-f98362450e51,665,1
894153c7-d0d2-4009-920e-332136d24846,666,1
e496197c-7a4c-48aa-a1a3-e4a436c2af29,667,1
10a467c5-4e28-4c9d-ab4c-4f9df777156f,668,1
8b78bde4-3e55-444b-b012-0a9241a26b92,669,1
ea40df69-4ec7-474a-984c-b9542e0c9952,670,1
b0e88a97-fa93-4c19-9946-bb2515daffbf,671,1
5843ca6c-c35f-4f00-aff3-d6b1eec7b7e9,672,1
7d89c42c-0072-4d11-be7d-3ae2f065f5cc,673,1
79f142c6-f4bc-43d6-9d04-318c95347f31,674,1
139df7d3-d599-48e6-8bc0-b87aa50f38cd,675,1
9bce33ab-8106-4cd2-9f34-3af7182b3844,676,1
fbac509b-c030-4926-be28-f044dd601439,677,1
87791445-1eb8-412f-bf80-a5f3f50a5530,678,1
0037e058-72f9-4036-a5f7-3948afe29b6f,679,1
59cb377f-b9b1-410a-bb4c-b50830afe50e,680,1
ce41129b-e346-4107-9fa8-871aed4bac28,681,1
d6c9903e-7506-493f-90df-1fca4440b742,682,1
91cb6668-3823-48da-adfb-236cca166b72,683,1
032d1c2f-c232-4318-b073-8f8d090d983f,684,1
024db0d4-d4f1-4e4d-a967-662323638d22,685,1
55258b86-dc83-49fc-8167-64658ea45d36,686,1
80bbca23-3555-4091-9d16-2ab6b4458a72,687,1
048da5db-e4ec-4cb0-90d1-297fccd914ab,688,1
a498478a-b0ab-4fcb-8bd1-c6d49bbf5cc7,689,1
ca93bf9f-dca6-4e4b-aa7d-29967d964fc6,690,1
1d7b182e-20f9-4382-8104-758d308a9b3c,691,1
5d7c347a-6295-4b94-8c36-c27e351a661d,692,1
8a7951d6-444d-45a9-a288-83ce1be6f6d8,693,1
5431780c-53d2-421f-b875-1e51e12f55fc,694,1
588f2671-68ab-48d8-8d58-4fccf4dfa818,695,1
976f17c3-ab3e-4eeb-b1cd-404347d4a70d,696,1
c991d481-3336-47ba-afaa-389b36523928,697,1
013d49e5-20f4-4f77-8616-a0b579819af7,698,1
5fe17bce-4a90-41f7-8030-4c187fbb932c,699,1
2a101678-ead7-4f21-887d-69dd150e5d6c,700,1
1e27c3ac-e42e-443c-82d1-8cf6a360ec16,701,1
388cb7bf-f438-416a-bc45-c02b84a46790,702,1
cddb66ef-88bd-4a77-8b30-938e5d8822a0,703,1
82b99eea-6a7a-4474-8f19-831b88756834,704,1
db1a50ac-1b76-42e2-8090-2c446df4b43b,705,1
f613993e-ba29-4853-93ca-ef79b9c4faae,706,1
4a5e4927-5cfb-401f-ad41-19fb7a02ff0f,707,1
0b7f6fd7-8cf5-43ba-8d88-8f173d5e3054,708,1
ae61d1fd-ebd9-48e1-a8b4-e55872ae1947,709,1
d9c3234d-a903-4ca0-a39b-2467f50ca223,710,1
99a47226-038c-4093-bd7c-427dde6f8682,711,1
448a9074-7d5e-416b-aaa9-2313b7f7b471,712,1
b4fcd734-b6b3-466d-9076-ac8e603051c7,713,1
7905f010-2a1c-4877-b663-6cf0b9a577fd,714,1
6b778177-915e-42ba-b457-b4549eb36cad,715,1
a1c0315e-6b8a-4b1c-b746-80a0bf9a311d,716,1
2090bc3a-c534-4f56-bcbf-e067b887c99b,717,1
c521f8d1-d6e4-415a-aff9-440df4d3e775,718,1
abbdce6d-4e88-4d00-be35-d319783201ab,719,1
b0d3096b-52f5-46f9-9d3d-d437c2eb2f77,720,1
fcf9e3c6-ae6f-49ad-9e01-1804e2a8d34c,721,1
abf36bad-caa5-44a7-b480-aa66bdaf065d,722,1
7c3b81a3-aea6-48fd-ab3d-e43f78846d7a,723,1
f65286f2-ae0a-475b-b037-8c3e1e722f14,724,1
c9379d6d-6f24-42db-a778-4204452d1889,725,1
b0d5cfca-2ca6-43b6-9dd1-44a92b0c445f,726,1
104db2ce-0c74-46f1-9fba-2388bc5aac19,727,1
4638c1bd-ef46-4f77-87c4-a7451a44a4cd,728,1
b27aa587-27ff-4684-9306-1593c341ee26,729,1
ef97f86d-a9b5-4723-9fdd-b6309879c7c4,730,1
3f93ccd6-5ab7-44f7-9976-4cfdcafb3d81,731,1
11b45ab2-f7b8-4f71-8403-7d77f93bcb04,732,1
b18ac48a-bd47-4cbf-93d8-a86e1f46fbef,733,1
744eaaeb-a165-4756-8ecd-9a43a7d59d5b,734,1
c9a7e1d1-5f17-4158-8988-8014f81a86d5,735,1
db17f8f9-4e4a-430b-9db8-4be611220701,736,1
23aa2926-d8b7-4100-be4f-faacabeb25f2,737,1
95352d11-a910-4d3f-a0a7-6e75824577c0,738,1
0f55012f-6307-4a56-8b6e-d787cb44deda,739,1
128c3edb-54af-4dc2-8280-18922c3f87f8,740,1
355013ee-88b5-4486-8e19-74d0cb381d38,741,1
c7f96abe-37c8-476d-83e4-f293d34e6d5b,742,1
57b47b2b-2a7d-445c-8431-026fb165368e,743,1
3312e178-dbe2-4814-9a7c-3365526eb10f,744,1
7faeeeae-a42d-497d-b085-aed22e243b38,745,1
7261ed64-8211-4ab0-91c3-364d062d585c,746,1
dcb7a9d3-ebee-4d5c-8ac8-add47fc694ed,747,1
1f94195d-25c2-4531-9a77-cd31d9f21d30,748,1
4678c38a-660e-4de4-bbe8-b4729ff4c0c7,749,1
36940356-7d94-410d-a37c-02f96692d267,750,1
75702508-d7ad-498b-bfe2-682e948378a5,751,1
caadcc69-3e48-480d-a7a6-8d6507453ea8,752,1
c81f375c-3491-4c6d-8b92-7ce513d1c025,753,1
5befd349-6317-4b52-bea7-fca9d9722481,754,1
2c01da1c-79dd-4a21-926a-c775bece906a,755,1
28fb7f56-a7ed-4a0f-8257-40f23bbc475b,756,1
6fa316d9-77ec-4de3-97d4-3b72f0ea4605,757,1
667c2bcd-cc5e-460c-b4c9-fb3a2ae3c28a,758,1
9330a7aa-d53c-4802-a044-a5ffa358c882,759,1
dbb86fee-3bdf-4171-ad9c-dfda03a7b9b7,760,1
70b6e3c7-4d63-45cb-b545-3f2e7b8d34e6,761,1
d2773a2d-2cfe-414b-9244-a0d7d931f7b6,762,1
7954d59c-2b72-484e-be01-6c8061e23a2f,763,1
40f6fa54-e990-47fb-a0cb-3d0fdcd9bb20,764,1
5316daac-dcff-4ae7-a887-98a8af41d8eb,765,1
edce933a-bd86-48be-a386-0a1369c7b52c,766,1
0779bea5-879e-4815-b54d-536fb394cbee,767,1
478f287a-b80a-4988-8cfa-9bcb37ec362c,768,1
cb1a3dbd-c687-4887-abb9-0ce7bd79d319,769,1
0cdddbca-b8d4-4bec-ba0b-45e5edc05640,770,1
a9570e34-b19e-4ca5-878c-e64aff853e84,771,1
5f83ac14-8ac7-4a80-8b49-a1f6c3c3bd5e,772,1
349cab66-2525-466f-a8d6-129bb3ea86b3,773,1
98947a9e-0874-4fc4-a4f4-d54fd28624df,774,1
95a17ea5-c38b-48a2-966f-af331f08e0a0,775,1
7efb35f6-65c0-400b-8a78-7eb1af372c44,776,1
22a1e0f6-46a9-4e8b-b480-dd773271c2c9,777,1
53e55686-c16b-4fb5-92c4-2960f178e28e,778,1
fb98df5f-f440-429e-9101-0b278ab97598,779,1
c7e37ab5-e68e-4ff3-9fe4-cb08cad76e3f,780,1
322b9372-82b3-4d6d-8126-26d299e0a196,781,1
ef07edc3-51b1-4445-9f35-c4164227abb3,782,1
72f53127-6930-49c0-8992-f44e062d46d5,783,1
7e3dd7e1-c8ec-4d94-9d34-94fbb3c5ef4b,784,1
c7b4918c-2e5b-4a68-bf2f-f677a5e7ac2f,785,1
2bf5da1b-a511-4961-a223-919bdde6d962,786,1
42e63325-8818-4ef0-aa09-0a1386e1b5ba,787,1
fcb16a01-5b4a-44c8-a3f3-6470f267ef80,788,1
2c9ad9bf-b0b8-4e3a-ac33-91e8ecc21b08,789,1
7a73a50f-7c11-4be7-b9e5-1fa732767348,790,1
9bcd0921-32a2-46c8-8b5b-25f06496cec5,791,1
f0f6b68d-b2cc-4b92-b2b8-b204c8527f3a,792,1
0b6a00d5-5d08-43c0-9b06-79e088cf67eb,793,1
aea3a35c-7a86-4aad-8162-794954fa62c0,794,1
b91f3a29-429a-4dcc-8ba8-1db86593d2a0,795,1
48639be3-f86a-4deb-b136-e3e656e2c508,796,1
a23213b1-268c-463d-8134-688593968d3d,797,1
f855068e-cee9-4bfd-8802-37c3bcd3f2a2,798,1
f2bf90f6-be48-464e-99c2-867b1dfe88ab,799,1
1773711d-06ae-4731-8187-c9d82c15c098,800,1
721b11b0-25a5-41a0-8d62-b0ddba8a356f,801,1
c551a735-5a6b-4e2a-900b-0dd3bdd99566,802,1
af1dae3b-c213-44c3-b8de-13b09d3d3bc2,803,1
7066f06b-0f4d-4703-980f-f254ec037651,804,1
f9fea766-d30b-4d12-9cb4-1054d98df60c,805,1
31bf6c94-68d5-44e8-ab9a-2d90f7028dcd,806,1
55100aa7-2fe3-45a4-8f18-aeae3c62fe15,807,1
60748a3a-580c-422f-9eaf-6b51047f792d,808,1
4afa6234-76d9-4a2e-94ba-bd96870b035c,809,1
02091052-e9b6-4450-9b47-654f3d8acfd8,810,1
998895b5-b9fe-401f-8c8a-4cbaa7b4b883,811,1
afa4b5e8-8437-41c0-955f-2d0c9973140e,812,1
6f65d670-26c3-4e6f-a064-8946674cac92,813,1
25f71a89-d83d-47e6-aef7-1629a1476dd7,814,1
aa3616b8-6a2f-4f25-bffa-227737ffbefe,815,1
a02533b7-c483-456b-a518-b705da2b8b04,816,1
ec3724ee-50e3-4bb3-a943-60494aa51001,817,1
59f0743b-0d68-4a66-97bf-501a8953f9a5,818,1
3239fd52-f802-453e-90ab-995d15abcb2f,819,1
d43454b0-f143-4996-9098-3c763ce4c4e9,820,1
235c7056-6ee8-466d-bd02-170e916a336e,821,1
9f2fc6c6-5a90-490d-aab5-c865213aabf4,822,1
fdc9d61d-a6d3-4245-81ae-bcfa36a2e20b,823,1
49ba8886-e250-4fec-b9a6-c58a22761ab0,824,1
80a3c372-5422-43c6-af8d-a0f171e1dfc7,825,1
f3065d8f-ee9f-4142-b41c-6387640f2e64,826,1
1c6c0819-fd90-4dd5-8ffc-62dc23310159,827,1
ff96ed45-b877-4868-9798-2fb255187792,828,1
0218e606-9513-4d35-9c84-847f3f526f3c,829,1
32928e85-7c0a-4352-8ef7-a1e5b7d1610b,830,1
604d4743-cc52-49d0-8168-8bbcb91cd255,831,1
8c8da0ad-9afc-437d-87ee-39a6092c594c,832,1
4c53a642-b9e0-4154-8d2e-9bf367b9c9b3,833,1
2c0b3bcd-705a-461f-a5ce-4c1ba77ff34a,834,1
69808af5-3195-4d6c-bdd5-011889958eec,835,1
3849861b-a7a9-4fea-a424-f2e1327fcec4,836,1
2978d3d9-ddd3-4ac6-a156-d746dd46ef62,837,1
6148067a-684b-4b24-babb-8befb2f0ad68,838,1
ae77c5cb-171f-4d9b-87cf-40834f2d065b,839,1
d2dce4c9-beff-43bb-babc-b02028b5bcac,840,1
76f28048-f43c-497c-a80a-d08734c5376f,841,1
5a6b31f2-4bc5-46e8-9415-f340dcc6f7b9,842,1
7e91a55c-f9cc-4cba-b602-523d3f72f470,843,1
ded7d664-7080-4a7f-9d8d-be897908ec49,844,1
2488c799-1a54-4fd8-b755-bc0443eb7ee5,845,1
00734792-a2d7-4214-b94d-f354dbbc4124,846,1
e77ad10a-9a5b-4422-a2ef-f5c7d5adc0e5,847,1
f8c1d06e-6f01-47c8-861d-ae96e42f6e93,848,1
5a05eace-ab37-4626-91f9-00f27b8d8923,849,1
15f924bf-d0e4-46f9-948e-82173cc788e1,850,1
b31b4ddd-4f3b-41c5-a3f9-1ca411be6c33,851,1
ced3eda6-682f-4bdf-9c0b-7d5af68811af,852,1
efac6895-0a73-4f37-8fc6-4b0b6a9d56a9,853,1
e99d390a-2c71-4ac1-ba7d-3c3fc3444df1,854,1
df1ed201-fc98-4805-babd-59b532f7ab46,855,1
a44c89f1-675b-42ec-9127-5b11c4da8d28,856,1
2bf4c530-b949-4000-961a-b9219c125f45,857,1
6bb4b603-237d-430c-aee7-570a13b33612,858,1
a56490e0-e258-4e43-a367-4ce35f923e2d,859,1
1a36dc6e-3e23-455a-8498-2796e4267e35,860,1
cb5ae5ed-17c1-4acb-b21b-6a0c671ec273,861,1
ce943029-1a16-44cb-8a27-766c2585acd2,862,1
6afbf510-ecae-4450-a425-f7b2fe9bec94,863,1
b26314dd-9555-438b-9983-91720e9a7f07,864,1
98d7d968-5d14-4e14-bd98-4bc3920010bc,865,1
d9fb6217-af16-4ae1-b3e1-46a18f5f8469,866,1
e843fc3a-118d-447e-a61d-27a49be53f33,867,1
a66c2a2c-47d9-42e2-979b-1127e18d547f,868,1
ef2132b0-10ab-42a5-8631-626a0a3283f1,869,1
2ead31d7-32d1-4a32-b557-9cfd51b27bba,870,1
8d51c3be-4a94-4ab7-91c1-7f1486c869c1,871,1
09f2746a-4710-42d6-a649-ca0ecfaa45d5,872,1
2652f3ca-8438-4d53-a4b1-b6894978bda6,873,1
e53bfd9f-4ea5-4344-ae1d-fc7dda700f49,874,1
4f33aeb0-544e-4710-9886-657de173c4a0,875,1
ee1fd07a-87d0-4177-9648-2579b359078b,876,1
2827079e-28d3-4c58-aadd-60541f2c1ae3,877,1
1cc517f5-0db0-4057-a913-d1c4aa54d075,878,1
b37f3a6a-0993-477a-be40-c87ba3ecacd8,879,1
86981363-4db2-41b1-9a95-010201648e25,880,1
76278411-0b02-464d-aac6-a379c260b044,881,1
08a63ae2-3e25-47a7-8d6d-e558c8b92ca5,882,1
852ddb46-65b1-4bbd-8859-c66c37e7a654,883,1
91add199-e8c3-47b4-b351-432bff076d2a,884,1
085336ce-071f-4e2d-b474-2e0bd800d00b,885,1
41570f05-0c6c-4992-922b-7a77c111b3a0,886,1
745fd043-cadb-46c0-bd74-f6461eeca5af,887,1
4bdf49eb-5a34-46ad-b377-9f8a9371fcf8,888,1
015ea8ac-2cca-4732-b881-47dec079b0d8,889,1
c29c703c-4c1f-418b-b293-eff299c1b09d,890,1
c6f63f3c-a3cc-442f-8e3a-bef394315f62,891,1
0b5b83cd-d970-4a68-b222-ef87e5323c89,892,1
c3b71d5a-b311-403a-87e5-3267e1c5b8b0,893,1
8d63110d-39ca-4ff9-85eb-cb837d0a64fc,894,1
c50e9fee-e209-4f1f-97ab-9072054a0441,895,1
3bfe40d3-1ffd-4831-83ed-7fdc322a4828,896,1
385c9b01-723d-4854-bb93-699182acee66,897,1
5702fad2-ed4a-4ee9-a551-5c24968a803a,898,1
13c2d3a7-7c46-4670-959c-7984a51471ae,899,1
661ea53e-8aec-4618-a2f8-8d2481a0bce0,900,1
7be0ba9c-9f3c-48c7-9ac9-6e2e024f4ed2,901,1
28a58cec-80ed-4260-b321-c423de901b29,902,1
a0ae806a-3bee-4c5e-b6ae-9ebdfe9e06a5,903,1
ec8aba27-b41e-4156-b1e2-3d14e6b08685,904,1
9ac77456-81bb-4f60-a6cf-7ba6c7d06980,905,1
028461a7-00c1-4466-8a25-4227ee1f9537,906,1
a0293de4-8952-4a9f-b4d7-c6050e84229c,907,1
2ce532bd-a8a4-4df6-80c8-90201dabc5af,908,1
4fca84e0-18ac-4d98-82a4-342b5f2e4c33,909,1
568d6457-ee84-45b5-9e87-388b0b91d595,910,1
d9d92e98-c120-45e1-9c26-32404fbc38e2,911,1
8ecc6128-8d9b-443b-870f-b97591b5f866,912,1
7c8a7334-83be-4ba6-9fff-238f5d34650b,913,1
9af02c3b-dd10-4c28-af2d-eaa575f9b0e7,914,1
e66e63e9-4cfc-4f59-9bcf-0aef1e79f09a,915,1
79644ae8-8dfb-456f-b867-241cf2c40e90,916,1
a4089e36-1d7f-4739-8ef0-b4291e604e7e,917,1
a1fb4656-4385-4500-9029-527978b78f9d,918,1
54c3b626-3a83-47ca-ba23-1490b0cd5ee6,919,1
28156d43-c6b0-4b4e-8b64-119c0f405168,920,1
b5a6502b-6c6a-405b-ad01-8bf81bb772b8,921,1
071bc341-8f89-451a-9e82-d9d33ec6e579,922,1
556f67a4-f21f-43d1-8315-f60a65440ffd,923,1
8642ad6a-e705-4e7c-962e-c39f150fad5b,924,1
8d95399c-3f9d-4b19-a764-c58f6e05bba9,925,1
510bf450-a675-44c1-b754-0f23846e7604,926,1
3c0533b0-8cd5-4d04-abd6-94d5d43cd26f,927,1
e78b0773-dfe3-4af1-99ae-adbe8ee7dfad,928,1
a6f4605b-0d1e-4748-9776-2d2978ec37ab,929,1
696006e0-1842-483a-a68f-010813b449f9,930,1
a75cc600-c0bf-47b5-9ea4-8432a17e7588,931,1
5a846768-1fa6-4cc7-bc11-3145eaf22484,932,1
2117a4a6-b911-439a-b377-2bf332edf3af,933,1
caed5762-be12-48fd-ac72-44ffe9a0fdc6,934,1
0b2873b4-9216-4645-b5f1-f1da60320f09,935,1
1f8d2887-4ab7-4584-afd3-fb0124bc768a,936,1
d3e8260d-9938-4c1c-8f1a-73bc6f17a930,937,1
b18e7072-c17a-42f7-a9e7-03061a0b9983,938,1
057360e1-2af4-49ec-adb3-e290dafe3a3b,939,1
3284fdf5-846e-4d55-a0da-bc84838404d4,940,1
c64dcfa6-c461-4d33-a834-b3d8265a52cf,941,1
b29f1795-e502-4ffa-b4f4-cedc3cc1b910,942,1
01d9db88-6a91-4ebd-8e5c-f133e9905f10,943,1
b663affb-54cf-46e7-a2b9-73c1f00a5728,944,1
7505549c-5cee-4aa3-9c33-36767ba3dc60,945,1
2fc45eb5-abb2-4443-a849-c5108963404d,946,1
302e8386-0ef9-43ff-8d0e-1895f3f3d45a,947,1
0725f32f-fc7a-4f67-9379-34f8f84edd76,948,1
b0e83ef3-16e0-4b89-9ab8-b1f009a86e92,949,1
a31abd0a-34d1-40bc-a942-dd910d8a229e,950,1
4ca2a81d-cce4-4ff9-ae37-e971af1819fa,951,1
44d063fb-0005-48e5-97a2-12fa51fda28a,952,1
ee8b2fc6-925f-4a9e-9721-6259d5f8e65d,953,1
09d70d2e-4e14-4803-be1c-74f2159d8545,954,1
8323a45b-6772-45b8-acb5-3959568aa142,955,1
0a20b8eb-8ba8-4275-bfc5-5063ea0c125e,956,1
95ccab53-4308-4e2a-99c4-799791379e20,957,1
35c097e1-949c-409d-b098-9d397716ab9f,958,1
af4794d2-6f5f-4c70-bf08-786b7f105806,959,1
1d5a264d-5257-4217-be53-92061390ae5d,960,1
4a535538-c90c-4c97-b523-53847aefe32c,961,1
3a57a83a-ea04-4db0-affa-d6a6f9997b66,962,1
e5fd5b0e-e5d0-4bd8-92d6-8504bf27eacb,963,1
30afc143-fb94-4be7-b537-bf23e107933d,964,1
30b48ba5-b36d-42b0-b179-53cccfa01a8e,965,1
d1f9bf7c-46a8-4e16-98d7-3eba39ac2b2c,966,1
c8d902a8-8ce7-430a-ac8e-d485a10a979a,967,1
1507e989-af54-42c6-ae79-eb50c92e4a59,968,1
b8181886-d367-4b30-8998-da27f54e3ff0,969,1
d02b2b01-4344-475f-b84f-51cdde8ef9a6,970,1
b50b3bab-9b1f-4328-b755-e73bfbfbc79a,971,1
766a86a9-560e-4dc3-940a-5b0055fc8b3b,972,1
a5bb95a4-56d2-4a95-b12e-c0e4cc3f9a8a,973,1
9d5a032e-094c-4bba-9259-e4def618a16e,974,1
dd1ecaec-37a4-4379-a0bc-9596de644b4e,975,1
16012795-41e3-4636-ae1d-1ae6274a001a,976,1
637f46ba-7967-4c09-afe8-c033f8ec0035,977,1
e78e10c2-6995-44ff-98ff-63310fed5303,978,1
235692d7-ed8e-464c-8fb0-1b27ffbbc6f8,979,1
04c432f3-d001-4770-a538-51eff011aab9,980,1
87de3e64-9b3e-4de2-91a1-aa2e2fb2ab3a,981,1
54f34e71-2173-4346-b648-1c6fe3d5d570,982,1
dbdb137d-bc1a-484b-8a7b-052104980783,983,1
ec325828-afc4-4682-a136-9d9e18661df8,984,1
36c45b6f-48e7-45f6-85a9-7e3e06e0db53,985,1
4a3b08bb-71dc-4e7f-a373-c08012de1457,986,1
47249457-c969-4613-97a6-fa8dac0f17c9,987,1
8f3a12b3-0e2f-4df5-87f3-50d0dda4b015,988,1
b4d5fe0e-0ac6-4cf9-b0b7-65ae6b252fe2,989,1
d50cf5c5-057f-4fad-8027-0fd87118da86,990,1
4f5ecddc-236f-41e2-a82b-7ad2899355b3,991,1
89373b60-c0b1-4bc5-bb8b-e1c0144415e8,992,1
4955917b-5efb-4f76-b58f-fca17da832fc,993,1
806ef155-8cfd-4bc6-8174-4a33968b83d1,994,1
41457bb8-ea77-409e-8565-9e43e5dae09d,995,1
0b9b7f9e-9cce-455a-89fe-aa175645e856,996,1
34d77202-b597-442d-bf95-bb3c75280e08,997,1
21ee73a1-fb23-4e9d-abcf-ac8bfd974fbc,998,1
9650661f-bca4-4872-b3e5-5e3a11973fb2,999,1
ec9e755a-8226-4b6e-9394-bd520861fa41,1000,1
