6a4c0195-71d6-4eb7-b140-6eab44e25ba3,1,1
03c3186d-ee28-498f-b0b8-2db2aaad0684,2,2
4a56e0f7-c7d7-468b-a6d6-b839073d7e0b,3,3
a4406cdd-0382-41e6-b26f-8fa8d6a59e74,4,4
36e7996f-1ee5-4670-a916-68bb999e143c,5,5
3e2d1fcf-9799-4309-84a7-5d9fee7259ad,6,6
ab7be60a-33fa-4df8-a515-ce48e24dc687,7,7
d7373d38-22b4-45c1-b793-0b471d102859,8,8
7abdbce2-f820-4c36-8da4-e93502da9a29,9,9
ef1aecc9-3c9b-4fa7-912c-9e78b263a64c,10,10
d7eb0e9e-3219-4ce0-9e1b-ed6b573a7bba,11,11
9077f29c-d2f1-4af3-98ea-dcf11fc73564,12,12
e9a0d146-b9e9-4f57-b213-3bd0a396d32d,13,13
a7baf224-7598-46b3-ac55-0a0f2b5840b2,14,14
73ceb6af-0f1b-44fc-97ef-4c0274f47521,15,15
0a264470-e670-4185-8d0b-a53c9dea3946,16,16
19d81d48-ab47-4dc7-8e7f-c01040bb3e1c,17,17
7f546a91-876c-4d98-b680-4cd26193d429,18,18
fb1771ad-d7b9-435e-989e-12b5f753ad63,19,19
a1b4f761-5695-40cd-9540-d4fe0bbebbf7,20,20
4d6d217e-1ae9-4ca5-bd16-60e3e329573f,21,21
b1a813d1-5a87-46ba-bc61-fee7929df190,22,22
3ab29c8b-9532-4663-b88f-8d8758fcbabf,23,23
377825d4-030c-46e2-945c-5f49daaf2af3,24,24
70f9ec6a-b64f-42b4-97b5-670c1b52b84e,25,25
cb2315a0-7fc9-4593-b625-d768e4c55b09,26,26
3d631b02-de0a-48f7-be0c-695b71554e9e,27,27
1ab35d28-ce5b-4e4d-8bef-a8fb145f775a,28,28
ec83917e-d943-4139-b78d-ed55a24d7937,29,29
33ab8da9-ceb2-4d97-ae70-5c1870b4f327,30,30
aa4ff169-6b8a-4a96-9535-37a1616831eb,31,31
9ec01e98-d87c-4e2c-aaf2-4fae59e08118,32,32
82a1fa80-183e-49e0-806a-7707be146211,33,33
ec9f7ac2-c495-4da5-8eef-04a81e2f07ff,34,34
e1db87d7-a796-4bfd-80bc-345df8eeb002,35,35
97207086-cd00-4f26-970c-380476438188,36,36
627a0b33-fdad-45a2-9cf9-15c4f674ee67,37,37
23652801-f5fe-4a9b-b7c6-dbd63cbb9d38,38,38
ea954838-cb3f-48e1-ad1f-7f2d31d385c3,39,39
2d9f7139-a61b-4967-a9a0-afd39cb16bbc,40,40
fb8f7e48-bd7b-4f59-8a2f-f1926f2aa5bc,41,41
a88e6832-cbc8-487e-9bca-9d1794d6bc02,42,42
c077cdd6-a641-4ad0-b175-88d2cacc4e9c,43,43
5705f403-f122-42af-b920-e51d4da2cd61,44,44
56e4d1a2-323e-4c68-b9f5-368c40ca5f61,45,45
e59be313-9e6d-4384-b4c0-7cb4caeda592,46,46
7043114a-e965-44f4-b71c-958a5d6e32f3,47,47
6fe03e61-dd22-46c4-a5e0-0c5af4fbdf26,48,48
1a0f66db-811f-450a-b9a4-6f5754a9c3b5,49,49
81591290-8d5f-4f15-8a9a-6593c4d55e1d,50,50
9f855f92-5086-4c4c-9b45-0778e1605ec9,51,51
4d2f7c57-0117-4013-81e7-c7c9ae299526,52,52
fdd72cd3-0841-49ad-99bb-2ec462a0291e,53,53
262956db-fab7-4d09-aa45-14ba28232001,54,54
be6c8375-87a8-463b-8e5d-b1a63eb26f31,55,55
02797d16-2ff5-4e6c-86dd-35641d878e68,56,56
e8b252d2-1757-4040-9818-4cdf24d48f04,57,57
302a54c6-3553-45ce-be60-b3b661ee1a62,58,58
b24c16f8-8cab-4a5c-b1bd-e40e33c6e161,59,59
36a440c8-e828-4830-af97-2322f8119d82,60,60
924a2cd2-db33-46d6-823f-73ac43b73109,61,61
5b7e6999-5d73-434f-aa73-084be3eb47e6,62,62
ea4de2fb-8596-4e3d-85f6-7e2224479bf9,63,63
707093e1-727f-4edf-ac85-4de84ed0ddca,64,64
2403fc28-e082-4a3a-b392-d3bd8118989f,65,65
80f76a0c-0f37-4034-8a28-900474da7fc5,66,66
bec60945-3938-4c9f-bae9-43095966d747,67,67
58eaf684-566a-4e9a-8020-c25ffd1f542b,68,68
749a8c55-5c19-44f3-a192-191092777f78,69,69
2d375fb3-84f0-40f3-98ae-3eaa77b22a76,70,70
eda045e4-752a-4db3-94f4-f81daef780ad,71,71
bf42f105-ea9c-49e1-ac23-ba7ae3435c6d,72,72
1c3a2607-10b0-40ce-bf86-c2871cd8cb40,73,73
8571de28-6277-4583-beb7-e24edc23bbf9,74,74
8df62b4e-032c-4cf7-97d1-9dd7d7df8faf,75,75
366ad786-ad01-43ab-9b52-1dd56f9b097a,76,76
5861cd0a-c171-448e-a4db-3407cda16cb5,77,77
451dad1d-d295-4093-b3f2-6ab6f871198f,78,78
4e1e5732-9296-4324-a9bd-343209124cba,79,79
f2b9eceb-2169-4879-8b41-2b4efc86d694,80,80
49c7a13c-488b-4a68-bc65-7e6d5b85b146,81,81
be553726-e707-43c4-afec-32479f49f5c6,82,82
3bda1ebb-7d8b-4003-9998-bae5e282b452,83,83
a770db66-9b82-4b1d-bb51-e1445ad7fb22,84,84
eff2dcd0-8a21-40aa-993a-2bd9d49a1de3,85,85
8df83df5-1515-4dfd-86c5-a80df42563f3,86,86
ec524238-6f7d-4b86-bb3d-dca7f9fc9e60,87,87
ec028bf8-a956-41a2-85ae-f65056c3c9ce,88,88
1914174f-3b3e-40da-a6ea-3dd30e81018e,89,89
51961083-d99e-4c34-946a-8ca223752db8,90,90
66a8ac2e-6c0b-4dcb-8bd9-ce39aac69548,91,91
91da60a4-7efe-4c1b-bf84-b2a7998f4a90,92,92
c3740bc2-9310-4067-8202-932dc68893ce,93,93
0de81f83-6283-4b99-bab7-34886922cd94,94,94
41f52180-b739-4fd1-8f26-e9af64b8640a,95,95
d890dd4c-5713-4032-ad76-abc403fa6d2c,96,96
867d4812-c668-4782-b31e-420314d861d6,97,97
64a619ce-43d4-4d49-b685-a3b64ce797ce,98,98
6ebca002-c2d2-4859-8be9-8354f6d336a8,99,99
62fe0a97-4cf3-43a9-a654-e87be63c8139,100,100
18d6a5f2-fda0-493d-ad7c-7cecbce72c8d,101,101
c068741d-c33b-40ae-b018-c9234a64ec31,102,102
f949089c-f903-459a-9061-a4ccab041189,103,103
5b00abbd-bc57-4978-80f1-576c560ed139,104,104
36db6809-bf3c-43f6-b558-a00e2ce4499d,105,105
feb29bba-df6e-45f1-9fe7-67367eb7520a,106,106
720d8b12-d5b7-4f81-8809-483b5e361b97,107,107
789910f1-6160-438a-84a1-22ca4db2a158,108,108
e337d546-01bd-4d06-b9fb-c8a1cc06772b,109,109
d417c994-9f4b-48af-b648-b2f3b469b0d4,110,110
cbd37b8a-d031-4ee9-b8e9-c64550b8d401,111,111
55d7fec1-feda-4563-a564-a5848010bd19,112,112
a873852c-5b83-450a-addf-d089691a32c9,113,113
e72fbab6-7c76-4cef-8f3b-89360f282604,114,114
88e7ae39-fd92-47e0-ab2b-74f7d22f02ee,115,115
d904c491-7512-4776-81f1-b07ff740528b,116,116
3fc8e8c6-8ca7-4969-bd16-5b503af9afa5,117,117
192552fe-e263-4262-aa2c-1b12dab6e523,118,118
3144850b-bd34-4904-9f09-fd2895df824f,119,119
4716c727-a911-43a8-bbd0-e8e192aaaacc,120,120
98d3d7d6-85ea-4395-9eb1-d5107eb8d4ca,121,121
1e1b51a0-1205-4c62-b972-77aadfe7bbdf,122,122
f50acbc1-8f33-4095-ac4d-ca67f5daf319,123,123
5c1c87e6-5794-4a76-bbc0-4258ed8300a0,124,124
563b4f07-0bc4-4ee7-94e7-7c6f2badacfd,125,125
be635dc0-9b55-4209-94f7-8bd052e3af99,126,126
d295e662-08e5-4e40-8644-6b5529dfd1ce,127,127
bad5386f-d1ca-481f-a8c4-0247110bfa8f,128,128
b22cac8a-3fd0-4ff3-ac4b-488f13acd651,129,129
44a05353-d429-4766-a547-5171907e6648,130,130
41fbf91a-9039-4a2b-b43d-8685a1b1d094,131,131
fd83bfe0-4b12-41a1-a47b-90797099fd75,132,132
80e441d0-c1b4-4508-9aa5-76f3c44d3ad2,133,133
b37b901f-5f6c-4f11-9da7-ed6dd83c9ac0,134,134
d5726b61-1df2-4645-81d0-9f6ce4a17151,135,135
43fe8be9-8375-4fce-9cff-51fc3cfd5747,136,136
814b2a35-0704-426b-b15e-9922d3fd6d69,137,137
b5459188-87f8-4a09-8bf6-2e78fc0823e3,138,138
01dcfb04-fd58-4fdd-86ee-e64f05431fc0,139,139
35c1a5ab-1a48-412e-9abf-53c3f50d5a9b,140,140
2072c59b-0385-4f03-821b-a918b3b47a20,141,141
e372a108-f4c4-433e-8ae0-33d8fe09bd87,142,142
3e6f4338-6420-43b8-8089-b1749658dab8,143,143
898f2934-9604-450d-9143-60abe8546fc6,144,144
5a802aa5-db06-4440-8ef2-5324cec34abe,145,145
fc29c2f4-d0e8-4f86-a868-f1df832f61ff,146,146
524996c9-0e32-4ca8-a7ba-aca02cd9cbec,147,147
431bb322-90c4-4472-b6ef-b79c512f19d2,148,148
243d1f7f-9820-42c8-904a-63c7c185f62c,149,149
9752c365-3203-4687-9517-e80ddaba08d5,150,150
232ed032-c5ba-49fd-818c-65b0585c7525,151,151
ca01b579-ea5f-407f-9f84-f7de34277322,152,152
2c121680-9947-492d-a743-21a76a5c0e26,153,153
17157a79-09f8-43c8-96ae-03bcc4635cec,154,154
d872332f-2aa4-4447-9093-9e3bc3602777,155,155
287795ef-1457-4047-a266-d819d597aba5,156,156
7bdffc08-a943-45a2-960e-d5221dcc7be3,157,157
37d45eb0-72bc-4577-a61a-8a8266077e44,158,158
ff27ab6d-74de-4c7f-a0c8-d3f634702fc3,159,159
07aff82e-fbe1-4fee-a5f9-147e9f3d259e,160,160
d275e77c-71cd-448d-ba54-3b432e1e60b3,161,161
cdfb19d8-8b7f-420a-b0b6-5cde7b993ed4,162,162
3702619e-1f4c-4bb5-80b6-83cf17eb3228,163,163
41ffe04a-2a8b-4533-8843-36d5eac7583b,164,164
5b5173fa-f344-4a7b-82e8-0d9891b3a1ca,165,165
0c17642a-0e2c-4515-94f9-0a876585fd72,166,166
27289d2d-6cd6-4071-b804-e6f0f30cee68,167,167
fe8397db-dd92-441a-8973-1ea095c86631,168,168
dab655c9-fae1-4b1b-88dc-d192171ddd35,169,169
9eb322ad-c76f-4731-a83d-d08a4ca7a749,170,170
f2fb670c-be73-40a3-9477-806da3a3505b,171,171
4beaa66c-a59a-4430-a894-eef6588fe939,172,172
b6922ba1-3ba6-469b-8a6e-fe44bdce9084,173,173
6e0d249c-6b0c-4ec9-82c3-532c3a2e0b45,174,174
6f03647a-ea68-41ac-be83-6667c189a302,175,175
a066a600-c900-4c0a-8109-8b759279fe39,176,176
4bca2eb0-d733-4e0c-a48d-ce604ba12ea0,177,177
063eef0e-44ab-4c77-99cf-74b6a2cffcf1,178,178
a76cc0e6-3201-4d74-b743-1e624896e258,179,179
746fdc51-fde7-404c-a431-8b42039f42ce,180,180
b965c9cc-f77c-4c49-a0e4-45fa9b6e590b,181,181
e28b4ceb-1da1-4b37-a9db-7cbbd31d5400,182,182
7b9f6b18-4f3b-4784-83e6-a6c425dcf966,183,183
72e792b3-db89-40a7-b602-31eaa2b03aa1,184,184
df7690b7-c294-4bbd-b0d7-bfd2220ddc68,185,185
68870268-490a-4992-9245-87c952c46025,186,186
1552838e-8299-43c4-984e-49d0dab9672e,187,187
8dd009d9-9ed0-4a78-8474-84e0729b5a40,188,188
c162d572-4450-4d03-91cd-7ae1d3670094,189,189
02fe8dec-47e4-4bf5-b51d-9abf0fd51e55,190,190
d650f51c-b436-4a27-92e5-59b0f5345ac5,191,191
4e3d030e-8910-4d5d-a731-c1fd781356a1,192,192
03005c0c-dcf7-4934-99b7-0d73470d82d4,193,193
94e92fac-18ee-40c3-b6bf-4d90472f37d6,194,194
30597b4a-6b3c-4d73-9901-e56ee434e0d7,195,195
eabfa502-565e-431e-95cc-ad95f4248e6b,196,196
80cc29ae-a7bd-4cc9-8a76-d02290bc31b9,197,197
aa965e28-b8cc-4540-81e8-f734078be8f0,198,198
75fe0b80-0147-435c-8790-7a6817b5c9a7,199,199
ac75040a-91a1-47ed-af86-2ce57ee5aa56,200,200
b745b608-774f-4734-b096-e1e5399184ed,201,201
d0f54a97-2e70-4317-ac8d-798731c664c9,202,202
661ac272-8193-433d-83c0-23d0b34b2048,203,203
ce6b2f30-4ad3-4918-8437-5addac8c21e0,204,204
658d851f-5c43-4292-83c0-519351bae228,205,205
384299f2-46b2-4cd3-9638-b3fca081bfa5,206,206
2f6917bc-5006-4e15-8c74-b6c44c167463,207,207
fb45ca0a-89ce-4e4e-82d6-f9be34e79458,208,208
d8d88d62-6325-4c8d-a994-06cff22e5e71,209,209
a71fadc1-7794-4a82-aafe-e857ebadfde3,210,210
0f25b3d6-eec7-4276-a781-5de1b227a2ae,211,211
07329dff-2c71-4936-a686-fd6aff9bf2ab,212,212
6cc0d104-6e64-4f07-843d-3e0fb8d8bff3,213,213
745a15fb-1972-4df1-8f29-afea33d215ea,214,214
dd3171ca-60e8-400b-9e43-caabf6a72a5e,215,215
fb07697e-c093-4407-b2ca-5942dc190166,216,216
2b7cdf65-d3d3-46f1-85a2-e9e947d340a9,217,217
9c97e025-e96b-4dfb-930b-6c6048fcd68c,218,218
8bbfadf3-a6e1-48d2-9d0c-a1ce507c7108,219,219
d66e9c20-0422-4bbc-8b90-5617063806ee,220,220
4db565c0-5d84-4f21-a780-02b9ad42bcbb,221,221
97defff5-efc9-4ab2-b1de-b9ed26e24e09,222,222
4a4a611a-1646-4cee-ac17-fc2ea8c95ed9,223,223
413d6384-c639-439f-8a9c-7af88293b9a7,224,224
f366171e-66df-4ee2-a85e-de0839163947,225,225
1602fe45-ee47-4a38-9265-55ca35a6f665,226,226
6581308e-f022-42f2-b216-d8ea534a7729,227,227
62f4049c-55c5-4cc1-88a3-92db8b565d47,228,228
37e1ea15-d3fd-41f6-bb18-3656bedcbb51,229,229
4120c7ff-ddfc-4bf8-acde-dc70faf08b65,230,230
e232228b-abdb-4fe2-83f6-df8009d18fb8,231,231
109dddd2-a684-435f-97b2-7e9ebf2d5b2a,232,232
09cf04b0-e833-4a99-a4c0-eef9f384fdd9,233,233
6303512e-d764-4a45-9da1-1f573f70580d,234,234
26c0f6fb-a833-4540-8a57-9bad48d1861d,235,235
14ceede7-be76-45f2-b9a9-11c2b232cdfa,236,236
a826ff8c-659c-4ffc-b87b-a26d0780f44a,237,237
bb7210e6-7422-4b5a-9f68-bcf950128971,238,238
e9862174-1e4f-4bf4-9b55-a01da90f1ace,239,239
e9a5e081-edde-4dba-b0bd-cd013e3afe64,240,240
0914909a-cf8a-4c5b-8314-26dd0e27ad2f,241,241
7d65e48c-e7ae-4aba-b247-157a80560479,242,242
a8931c92-3fe2-4ce4-b7b9-5f0bd7ef8b56,243,243
41df4b40-2041-4873-959b-73000ea99526,244,244
e544e883-30fd-472a-af58-61468a735912,245,245
3ce84c65-9e2c-4efb-b916-105b374103d6,246,246
47531b92-ad85-42b1-847c-3ff056e96628,247,247
09d33631-f319-4510-b9fe-5b78b7f8f89b,248,248
739eb6bc-564f-49b9-8162-890ca23c434b,249,249
93bb52fa-2f2e-451a-b278-56e66df58b6c,250,250
0d951600-999e-4a75-a0c3-ebf84d19e5c8,251,251
706b9c35-0f70-4828-903f-d4071a888915,252,252
e809a617-4ccc-4aee-b372-2689baf8b1ad,253,253
0805b0b5-4420-4c22-8231-92a80a1aab76,254,254
e72e1331-7934-483f-849a-2b5883f0aee0,255,255
cd0b530f-88ab-4285-b31a-f45b799c6dec,256,256
22b1a61d-fa83-436a-a757-326f04053afa,257,257
4c03ff87-fa9d-4bc8-a911-7c8364d97c9e,258,258
6506f98b-be3e-43fd-ac6a-876fc48a01ce,259,259
11160102-7705-4515-9f15-2a43678b5f1a,260,260
f1188bbb-6f5a-4d02-886e-17738c299ded,261,261
c15ecf69-6318-4a89-a40e-083b85d414f2,262,262
be2d8261-28d9-435f-8360-59091e793b1c,263,263
befec1b2-da04-474e-a32c-77dc7e6a4dd7,264,264
88b7f1fd-6cee-46dc-88d7-e8e5311fd134,265,265
c0f4c953-17b9-47ae-867c-5fd29bf40848,266,266
3901027a-4b8b-4bfc-85d5-8c4c1d43949c,267,267
3f8979db-a6f5-4ab6-812f-214abf37e458,268,268
c7bfd61e-b5d1-4b64-afb1-0f01f26d303c,269,269
4c1de613-2583-4fcf-b823-633d3bd695d4,270,270
e8395ecc-3267-48a2-ae84-9a4d7b4f6f46,271,271
822b3ae9-ec6c-463b-a520-fbca99b1ce8a,272,272
a4153d02-33c8-4e40-898a-a3f51e7404a1,273,273
4a8ffe3a-d8c9-4de2-a8e4-5b10d0d7eb36,274,274
a603fa04-c14c-4610-9226-269a92159361,275,275
50421e5c-2cdc-47a2-870b-932684d6399b,276,276
c93d771a-f268-4fe5-85b5-43ee39de4aa6,277,277
9547e7a4-2151-4449-a727-6ccb2c405b50,278,278
4f4f5b76-d2d0-4a78-8f0b-6f5dbef4eca5,279,279
561f9354-d17f-4de3-bee2-b7f4fc5cb1d8,280,280
dcb8b376-102d-4edc-9485-811f14c113b8,281,281
dd2367fe-c456-40a2-b760-b08e22cacf6a,282,282
23f0974a-c3f8-435e-af90-f3599aa4cf71,283,283
b7a69137-88a9-4ed2-a3a2-ffb16227b213,284,284
e97f9ce4-0b55-483f-9836-80a7d7a75570,285,285
db1b8c84-7ca2-4c37-993e-fb13bd0dba4f,286,286
870e3523-f33f-47e5-a51f-42f08e81a923,287,287
db93c405-011e-45f6-a67d-912a207ad34a,288,288
3c66a9ce-d2fc-420b-b321-e15abce1752c,289,289
0100d001-dbe7-49ea-ad43-a4d01421b4d2,290,290
f48bee95-77d3-472e-bd8a-6828a6ba22b9,291,291
e05de1a9-4d76-4352-9224-76dcac74db66,292,292
a22c07f1-1df6-4caa-8674-f7a65214ad4b,293,293
c05aafc9-13f6-445a-ad34-dc49a454ae53,294,294
c068f10b-c8ef-4c05-84ce-d5245981f53b,295,295
871cffee-0b38-4506-bfb1-ec088ca885ec,296,296
952011aa-a443-4ec0-a1bd-52c86e34c3ee,297,297
f62a67a5-473b-4a5e-b7d9-d4f37792ecc8,298,298
d3b11893-8487-4d24-abdf-6cd9383be250,299,299
852cf177-bff8-4537-bf45-1e254540d106,300,300
a09d3372-7dd4-4f30-a190-f39b06f429c4,301,301
44fe0dd6-a08f-44b2-944b-9a4abef49c3a,302,302
29fb8dac-4a3f-4175-a407-24f9fbb92002,303,303
e9c9ea96-38eb-4d07-a5fc-5205b0d29866,304,304
16fefe4f-9b29-4d89-ace5-8e296f00c215,305,305
d29b8ee1-1cb3-4610-9684-14024b179f86,306,306
75774329-4f5b-400f-bed1-8edba68e2d48,307,307
2a3bac1a-80a0-42a0-8925-223e47de0125,308,308
7b0acb73-2a0e-4030-bdcb-46c9eec6e882,309,309
b7da8903-83e8-4405-be63-3ab59837d82b,310,310
276eaa8d-375b-43c6-a95e-d7b52ef5aa5f,311,311
e44774e3-2b2b-4191-b800-3973e8423912,312,312
6fdd7c31-dfe3-4986-b868-f4cd48ac6b6e,313,313
6a01f8ca-797c-40a5-a668-fa8f6ce2ad37,314,314
f52f9a7e-2f54-427a-a042-0c7b73e2939c,315,315
d0b1e890-fe3d-454a-b381-ea2a6b3afb66,316,316
cead3275-0566-4c29-a8dd-6d8788fca39f,317,317
965d2eea-9687-461c-801b-5ca595719964,318,318
4bf9bf60-2943-45f5-a01c-4edcfc21af0e,319,319
ea1e705e-6722-4a7a-9c6b-f92598104c6e,320,320
d5887991-1eff-4aff-8a19-10bbfb84fefe,321,321
d26027fd-4ddc-4b83-8981-d25a184581e0,322,322
320887bb-56c1-4353-a1a2-413748c7147b,323,323
e40e5448-8f2c-44ce-92e7-99a55c7a3f88,324,324
1efbbbed-112d-4ec9-84b7-3d7cc84e8181,325,325
ce3891be-fc73-4800-b716-5539234bedef,326,326
eececa9f-ece1-40fa-b278-1409c999030d,327,327
4d5cb956-74ed-410f-b920-dbf0a339f39b,328,328
54baef7c-cc02-482b-a6b8-cff840583408,329,329
4e966b70-b092-4531-ab6c-8b47bf527104,330,330
d87bb358-089e-4552-b0c3-24523db95497,331,331
0a73d604-3bf2-4dc2-842f-f63774a62a04,332,332
2a5c15cd-c949-44c3-af83-a3e152459589,333,333
30c18346-c0a0-4c27-ad1c-d2928bbd717a,334,334
b44763c6-e18c-461d-9e94-36e863809b63,335,335
26fd1c26-ec2b-409f-8188-4cd159229dd4,336,336
a72ba994-874f-48bd-8077-c9b0507d56e1,337,337
371aaa1d-8160-4af5-8b1a-05d37278f639,338,338
925af6b1-4b8f-4095-b0f0-4c06b6627510,339,339
16476285-7f82-4f74-8c1e-48cf65614ecd,340,340
c7df9cae-f084-479a-b862-9dde7b390ce3,341,341
854c1739-3b56-4864-a9b7-bfa3fb2813d4,342,342
96c757f2-4feb-43a2-9e4a-2ff09f8be209,343,343
451fc4a3-0dbb-4037-b696-07578e49b9b1,344,344
dad967bd-bb13-4e94-ab28-e095fbdbbf09,345,345
9c95e0d4-e306-4faf-b899-f1f607199435,346,346
7ce20a34-341c-4ec9-889e-cb335b9db97f,347,347
bc3b9878-81f8-40c0-bba9-6d7178ee2b8b,348,348
4e331b9d-e8c2-4ab9-841a-25257ae6a585,349,349
a98b063a-eda4-4c4c-b6b3-1dd96366b4a6,350,350
b1eed0d3-0146-47d0-a589-c861cd9a1937,351,351
f73dbc3c-80c8-4abb-83c8-18a8fa0663b8,352,352
353b161c-a2c7-4ca9-94e6-428b47e48c33,353,353
eb10f805-0f8c-4a0c-81e1-37f463c51e12,354,354
46013ac8-caf1-40ff-8242-f735da1f4417,355,355
6bb17cc3-faab-435b-8369-d0e5412c1004,356,356
d69d39a9-41d0-440c-bcb5-171eac6241bf,357,357
aebecf81-6393-4677-9902-245721b77487,358,358
fc7eb3bd-63a9-408d-bd8b-a7967144f0a0,359,359
ca2421c5-5416-4ef1-b03f-c9824f486aba,360,360
780edc2c-2141-4280-b7f5-782b1225eacb,361,361
5d9bc49c-0e5b-40a5-bd0f-26301673e4fb,362,362
cd9111b3-ca17-42c2-b28e-780408d159d0,363,363
0b2b913b-4858-4078-9c4f-bb63a0380724,364,364
ef4c5653-3000-46ab-897a-f5d333793566,365,365
fa9227b2-ed14-4dfd-8f78-569c88f66932,366,366
534f14a6-2abd-409e-871d-37017d70e640,367,367
b5c61d0a-9274-42eb-829b-2ec88fcdb13d,368,368
96d5b984-7b6f-44a5-903c-b139a67e64c1,369,369
1ea956b0-8957-4086-a63d-594cd3530a55,370,370
9567528b-b549-4fcf-ba2e-522a27144bbf,371,371
08f95e82-32d7-42b3-bb28-c158f8663cbe,372,372
b8cd7785-f58b-408e-a7d0-09f95b418330,373,373
e76ae214-562b-4332-9345-48853d32a233,374,374
5e43b547-857f-46b7-9ee1-c1575998c9a5,375,375
da894f14-b4f1-42b8-bb44-21cc049691a7,376,376
228ef78c-93e1-4fac-9014-eaf44bb8a06c,377,377
c1400d6d-9a79-4cf5-a1e6-458ceb74d27b,378,378
59c7b449-8d0f-41ea-90cc-5b185b1abe6b,379,379
22d6f748-d9b9-42c2-a87c-ee98edd0a31f,380,380
91a5008f-4540-4006-8900-02b434d97991,381,381
d95010ed-d14d-432c-a5dd-23598d9a16b5,382,382
daa59dc3-2fed-4c8a-b70b-110a233d6113,383,383
22d34866-1f32-4cad-9876-75239900e1ee,384,384
09b5053b-54c4-4fa7-9df1-3789b9b1f83b,385,385
b31ad32a-9e11-4766-88f3-8b0b7b676725,386,386
1e18ada5-b867-40b6-a9a8-80b0796e0072,387,387
99156828-bd37-4339-bff4-24da839007c4,388,388
c14abf62-3206-4535-bbee-4b9fd4aeaf70,389,389
e2a77f58-015a-41fb-a1f4-3fc6a8a706ed,390,390
510bdb43-9be3-49c6-b941-f18ec13daa52,391,391
c6837a68-455d-45c2-be30-fe99bb10d1af,392,392
34c58cbe-1ca0-4eb6-900c-25ec6a6d72e4,393,393
75b90d13-2063-4bd3-98e6-b478ca064917,394,394
d4539f22-49a3-46a5-94cb-c3ada6b9b713,395,395
996ba2bd-6411-4f23-b7b4-2c91d7dbe32c,396,396
62926bde-cb10-4d0c-980c-fe7ee266e1a5,397,397
7ba26dbc-cf2e-491c-8b12-a51509d263bb,398,398
78ee435f-b184-4c10-9e39-88f465e53bbe,399,399
a9baf190-1823-469e-8647-a81336261d42,400,400
5b3c9b68-7e1d-4353-90e0-5890f85ce419,401,401
e4cbe330-2fb4-441d-9d25-d129ac14a35b,402,402
d14662df-e17f-4294-944e-86d3fa9cfbc7,403,403
26a2a091-d9b7-4423-8ce4-c748d3fe5666,404,404
7aabb002-1b44-4fa3-b15d-412511f4af6b,405,405
757d9eca-fd49-4317-9af2-1afdc8ac4daf,406,406
82f2dea6-cc94-4e2b-90cc-b73c0ae1d949,407,407
10236ef8-61f3-4ba5-a02a-d5737796e3e9,408,408
c2e9355b-cd66-4034-949f-ecc64d289c53,409,409
0a4293ac-81dd-4df8-8488-ad771856cc24,410,410
18fc6ef6-4c77-410d-b5d2-97cdcd7f38fc,411,411
d666cc01-f665-4ec8-97ce-3d3b7e1250fc,412,412
0ab83003-fdb0-499b-ae0a-31a9107a7000,413,413
7320ae7d-8ea4-49d6-b83f-1b663fcd030f,414,414
973cdb10-ce4e-4ee7-97af-71fccb80234a,415,415
510a1a1e-25fe-4edc-94a4-a2c8ae75f761,416,416
2498dd99-6b44-408a-89a7-5b05cb70f79c,417,417
3bd2b2a0-b0be-450a-9e4f-72f0b2915b80,418,418
61b2d9b1-242c-4463-9dbf-5f2c62af444c,419,419
5d63f738-4da7-4ac7-bc6a-ff7bc29292aa,420,420
178318cb-f362-412f-a337-0631643961c1,421,421
9da94910-3052-4d14-b4f0-0e6195eba599,422,422
8b4bf5f5-9f75-4d5c-b227-8cb9a4227743,423,423
e90e39a1-a24f-458d-80b8-26e1bd22fd9f,424,424
d81496a4-fa63-48b8-a283-4f6c89d20eb2,425,425
3d501f8e-1a40-4c01-b634-315264d3db1f,426,426
745f4da4-3b8b-46e9-9909-a6ffa4a822a9,427,427
a00de6d9-1395-41db-911b-c7debecee011,428,428
a233ef82-da10-4cc0-94b7-92563eddf5cd,429,429
707ca6be-660d-40dd-8a3d-0533f2e38c95,430,430
a307b9ef-e0b6-4609-a667-0e51e8238c95,431,431
eea60a47-dc6d-4e97-b41d-809fe19a7256,432,432
aae68773-5c1c-4338-b509-f5fa1a5efc48,433,433
9d133628-ae22-4061-805c-744a2886979b,434,434
44b6ad35-19da-48aa-a33f-72c07c0ea10a,435,435
bab75ed3-482b-4d2e-9b50-682a1a54c9f4,436,436
afb42244-1bb3-4be3-93dc-28b47e9c3f21,437,437
f174c0c0-0e2b-44c3-a90f-6f20c6bccf0f,438,438
f58a5582-102d-4ae3-97c6-cf1fad27f1e1,439,439
dae14dcd-36ce-4eec-b439-77ab4c7e6759,440,440
c9ab73e4-1690-4ea7-a8d2-0d3cc388ef61,441,441
c8b6ca3a-f01c-4d18-a529-b737b6dd086d,442,442
16fd945c-24fe-4f5c-9087-be2982adbae9,443,443
2f451781-9b20-4de5-9f0c-b79abe8b54e9,444,444
1ddf0474-b15e-4dd9-a53e-4800a1748c1a,445,445
8ba051a7-a7b1-4c08-9553-1c664b743750,446,446
b61fe9f6-52a0-411a-b936-ac5fdfca6bbc,447,447
3cda19f6-11d2-4667-b5d6-96e8b20771d7,448,448
8e2ac1c2-8bf9-425b-a336-696c912c3f32,449,449
5db1e65c-21bd-42a7-8ab6-39082b6e3bf2,450,450
bd2f6d9b-d1ae-432d-b162-6fcb898be7c6,451,451
682908c1-8140-44dc-b9db-44105eb44a05,452,452
f90a88e5-4254-4819-9996-db445c4c7e1e,453,453
d70188d7-bd6c-4c99-90fc-68596f0fa981,454,454
e821564a-c76e-424e-b5d9-4a6d39a4c93f,455,455
7ce72ea3-46e2-4fc3-b371-c30aa4f23918,456,456
a20708c0-4b4e-4cca-874b-43d99c545e00,457,457
58f1ec7d-d89d-4361-b529-8d24b22d6c6e,458,458
97c78115-ab42-43cd-842f-8d3a953ac827,459,459
649d4d9c-a978-41e1-be60-b1af533b9004,460,460
a9818065-72ee-4682-b701-597ca00db34b,461,461
8a2fc9a2-0b8a-475a-9efb-7502c7c1fac2,462,462
642f3b52-fb40-4de0-a0e9-1e3270ee345e,463,463
a8fc008e-5569-4939-b498-0a6ccf7ee1c9,464,464
04f649fb-48e7-4d05-b617-45d6261519b8,465,465
46ddfe0d-af9c-4912-9f2c-016c2ef19b41,466,466
331da2eb-958b-49ea-a22b-a363f6adf2af,467,467
a65b38a6-7a69-45a7-9387-7db5b37f0b44,468,468
0a3a0401-8a1b-4801-acd0-38ed25f2a815,469,469
9de14f6e-10e6-4d2c-831b-4aae818e9a8a,470,470
ec3aa387-09fa-4f0e-ae5c-af053ce65090,471,471
483fc922-64a9-48e9-aae5-ddf1ad5c6bdf,472,472
806d824c-5df0-49d7-8c40-399044451d35,473,473
726d0b21-b66f-4418-aec3-b63735b0936b,474,474
1f51b07d-05d0-4e9f-9445-48b248bed4d0,475,475
3beba8e5-afd4-43aa-8ae3-091566bad032,476,476
beca46cb-94b9-472d-b2bd-c1e16370f6a5,477,477
8715f6be-9249-4915-837c-fb4bd9dcc285,478,478
b5c4fa63-2d7b-40de-af49-f2e23f3ae535,479,479
3ed2d8bb-6c6d-482a-9419-d4dabbe1d958,480,480
d89ef3e3-77f3-4078-a5cc-e2d07cc3a092,481,481
0bfafb9c-ba82-4e17-abbf-d7f2a0913e0e,482,482
6d8e2068-0e5d-4432-9425-bb1bb9207306,483,483
d7bc2443-bbf9-416a-ab47-91484bb530b6,484,484
24d3b673-1e3e-4aec-98b1-9a890a715b77,485,485
171be5f2-cf0e-4739-b2f7-75e5d28111eb,486,486
f2a374d4-4fbb-4185-9ec2-bae3ef935aaa,487,487
a9fd6c87-918a-4d2b-a147-cd4e188e8f77,488,488
70eda2ee-cc77-4817-b0d2-4cfb72de0aa5,489,489
18498edc-d6d5-4a91-b3ba-939255472660,490,490
6dc8a642-b048-4e33-8024-475770faabc4,491,491
4120ca4a-6c33-427f-9a2a-dfce0d74745a,492,492
73e58cd3-3331-4abe-8013-48efe5a3ea0a,493,493
341ebd38-1914-4735-807c-3eb2c46a67dd,494,494
0875be57-2bf2-4d7d-888a-78fe22341828,495,495
62e626b5-0139-40ed-9133-150718f6d67b,496,496
f5c0234b-4e1f-4df9-8ba3-c96059bc3caa,497,497
265b2b59-29dc-4d5c-8b5d-5f0a26c3daad,498,498
538d73e8-e77f-4149-8f94-22921f0f97c3,499,499
6e8b4493-d1f8-4a1b-aee6-0ba96644c966,500,500
462fba9d-b293-41f6-b579-bdb3fdd5a154,501,501
c94c35e0-d02a-423a-b7b9-ee3ca75fabc5,502,502
afa26ffe-a11e-4235-b0ca-a7eb95ec9041,503,503
8875de12-0312-4466-9896-fffc652ca45c,504,504
456f1a8e-b2f7-49e3-adad-6c35fc52e956,505,505
85dadbd2-d0cf-4a60-b498-51ea600111f8,506,506
557a0e2e-4383-4359-85a1-93603311952d,507,507
cc60b8a1-b819-4f1b-9b55-a26b2f8a509c,508,508
cabf9614-e4d5-4ece-946d-adec7b494051,509,509
1dafc71e-1e53-4a72-ab68-6f9c4bfbb8a1,510,510
d2050783-4704-41eb-8edf-6adc9280166f,511,511
b2c43ea1-b830-4cf1-96aa-f9ae936ba4b1,512,512
26a6a47f-a69a-4fc7-a0cd-fc1b3ee85df2,513,513
4d963411-8930-44d1-97dc-55073ec47376,514,514
38685873-91f3-48dc-b93a-bcd33b80f78b,515,515
b501ea52-8f6f-4330-ba9c-de62c2772360,516,516
1aeaf42d-8041-44ec-8d19-1665868317f0,517,517
8116285e-8bad-4025-9eb5-3d60fe31d9f6,518,518
d16f0a01-e79a-461a-885a-ffc74c9ef9d6,519,519
3a17936b-c8aa-44b0-989f-8023f78135a5,520,520
aed90f3e-f597-4b22-a08c-4b76f4b2db1f,521,521
aef04370-c025-4c89-b6fb-c002fe757320,522,522
eadddad4-96ba-427c-b640-7587525fc5c2,523,523
9dc63edf-0efb-439d-acf4-432f9d3b6edc,524,524
deb0c0e4-7daa-4a10-9f12-d86551839b9e,525,525
e5309afe-1206-4c08-9e98-19e84c97e778,526,526
eec63551-0f75-4798-b79f-8b37c5dce870,527,527
fb154951-7fca-4ebc-aa8e-0da128942c1a,528,528
ee1b2470-b366-4f23-9464-51d83e33ca1b,529,529
6eacf5be-3100-4218-a024-3009cabe1e2e,530,530
6b50a260-dc90-477c-a3c0-cb2f45dfd36f,531,531
7bb5ebb1-d140-452f-876d-c4cc75a510f9,532,532
e355d8cd-b373-486b-b195-0664fe4e4f2a,533,533
3c0e5a18-b843-4600-bc4f-7d45a77f60cd,534,534
e15027f9-c6d6-4ba4-81b0-3f910195060e,535,535
9f753643-024a-4b39-88af-f54263593458,536,536
4d067de4-0b65-4886-b4bb-635a98458e4f,537,537
fcd1859e-e11a-4ff8-86e8-7ce4ea8f319a,538,538
23c925dd-7c17-4eae-8e6d-d344beb23d63,539,539
d1469ee0-9098-4024-8ead-c53f3bd175f6,540,540
0004fd13-65fc-44fc-81cf-00ed64a6cace,541,541
f3cda361-88f9-41c7-821a-bcba1185d4d3,542,542
d0db0660-4b78-44b7-9c0d-b8bb256714d6,543,543
48740642-853e-46f0-8262-863eb006af9f,544,544
b5966338-0421-4427-9684-c6781fd6529b,545,545
6613485c-60bf-4517-80a4-fbadc2f0bc1f,546,546
4c6f5e2b-d8ae-454c-913d-ea7c61a79c25,547,547
19a38a71-78e8-4d64-a279-1fa6c1dbbec0,548,548
8dab1975-544b-4c04-b5fc-f430c1ab39d3,549,549
90e64701-de5f-4588-a861-9e01faa71a93,550,550
99ce1dc8-f971-4c5e-9513-6607dba38501,551,551
d006813f-a1eb-40c9-8c24-5beea63a9b4a,552,552
31199496-3804-41db-b2aa-375701955042,553,553
feccf793-b9b1-4640-a2fc-3fdd2efdd711,554,554
29041838-830d-418a-abfc-439eecb58be1,555,555
3db3dfbc-2bd9-4c1d-84ff-2f3fe41ba89a,556,556
74180e85-831b-433f-bce7-b04fb821d290,557,557
ce2082c8-7dba-4d4c-9845-3d706fabcbd7,558,558
cf4bc366-0526-4be0-997f-2f9eca0b33d2,559,559
73301f93-434b-469e-aab6-b74d1a9e9099,560,560
d0a3f1c5-c824-463d-a97a-3962c2cd6571,561,561
361040ec-e324-4333-b615-91f6492ad1be,562,562
623916b2-89f3-4a7a-aa0a-5fbf7cd4c16a,563,563
96b3907e-c195-4c64-9695-6ff18667dc78,564,564
5a1b836e-4e92-4f34-8915-cbb2eee10410,565,565
04958b69-e7e5-4bc9-9f17-a7dba1edb7b8,566,566
2bed01b4-9f87-4cad-9d41-d0f239fc8bde,567,567
4a32d219-e476-40e5-a1e3-2df2cf6a2ba0,568,568
aea17704-fef4-45eb-98e8-ebac83e00e15,569,569
b6e268ea-0666-4978-8449-62fadba60307,570,570
6bca60ea-f8f0-4455-948c-145661bb8760,571,571
aa214f4a-31e3-4a31-b4cc-8bc6f1defeb6,572,572
62314b0e-b859-4a9f-896d-da3a1c1439df,573,573
662aede1-6ba2-4788-98b6-86f39f6e69ec,574,574
df95ddf2-183f-4299-91f9-b395c9d47899,575,575
4876dbd9-b053-47ac-bc5f-c28d834c72df,576,576
45474940-e201-4d67-aed7-f2d2a88539b8,577,577
2bb82ce1-b200-4cac-8ffc-f71e675ead00,578,578
632ec773-3b15-4e86-9cfb-4823e34dc20b,579,579
7f49760c-02b1-4dfc-a1f3-217036cc3232,580,580
1c5e7e18-16ca-4b83-a048-0b0d8bf503d8,581,581
a0464ae2-9e05-49e2-9617-792abe1eae76,582,582
6f74ab80-5045-44d7-b7a9-c3b7a4266d50,583,583
69adf2ae-7d0a-45a5-be94-39eb9c15eb0a,584,584
4910e275-bcf9-4e61-b038-f6a00ae64e19,585,585
1331ff7d-65f5-4b55-abaa-b3f422ff8558,586,586
0281c039-8ae1-488e-932e-5994a80019ea,587,587
58a11adb-f644-464e-91fe-a6e189334380,588,588
c8e210f0-5a3a-4f1c-983d-620eb0857a9d,589,589
1d873a58-9599-4a5d-85ae-9ee587a58f45,590,590
cbfecd1e-270f-49fb-b284-4ecc660c075b,591,591
5d1c81d6-8aa5-43bc-98a0-b8d2570bf947,592,592
379c737d-27b8-4741-bbfa-77ee0eb5417b,593,593
937c35dc-7e2f-4448-864d-b9d2792f5d95,594,594
93cbf948-d70c-4aab-bd3f-09f47174d160,595,595
019c6f04-3b40-46f5-b8fb-a43db3a43a45,596,596
42a3b888-7f6c-4c84-af0d-f43753460197,597,597
7d115eec-4819-40a3-becd-ed3311bff760,598,598
65362aa8-cc2a-4474-9d92-cccad8f3df8a,599,599
81c70d42-cae9-4634-b494-ea87c17a5228,600,600
282df379-9f47-4624-a7f8-8cca639420b8,601,601
7e5a2184-301e-42a0-b1cc-8805cddb64dc,602,602
79bb7258-2ecb-467c-980b-7a7ec8b22f9d,603,603
efd178fb-a77e-47fd-afdc-63a6391dac8b,604,604
6209b968-a286-45d1-b1ad-b569f3364a93,605,605
a6afaf57-01f4-43b6-9b8f-5ec925dedcde,606,606
32461fa6-fa01-42ec-b523-16fc46079acc,607,607
fcb6e4f9-ef3f-4fd5-90b7-f1adceef0156,608,608
903e1588-3d8c-463b-9178-3291a539ad59,609,609
bf385b5b-917e-4ade-b091-6db79d58daa9,610,610
9c679c99-1529-42db-8879-288bc808ac20,611,611
9eccb5af-12bb-4b7c-801f-8ae61bbe1ee1,612,612
2691bba1-8b45-4605-9607-172049b6307d,613,613
4ea61553-32cc-4900-9bba-a456c920b74c,614,614
75c84f1d-64d8-44da-920e-58a6be784e21,615,615
d60dbc67-8ba4-4331-83d5-e303986a51ac,616,616
7c4fd337-ec80-4725-8739-1310196c9520,617,617
2166bc7d-0144-452a-9e1f-33f4ef4efa9e,618,618
f01b404c-c234-4452-bd86-0672bf6938af,619,619
08910521-f0c2-47aa-8585-5779b90bc660,620,620
c65880ad-3052-419a-af44-432afec42c65,621,621
1686636a-3bea-4718-8843-a4bd135a094c,622,622
c17e1eaf-d74b-4457-b085-2ecd20a2db84,623,623
a8b1ebe9-1a7d-4884-99e4-cef19cef240f,624,624
ad260000-7dcc-4b42-8963-c4bb86a5a684,625,625
aa9b48a7-d523-4f4a-baae-2fd805b92ebb,626,626
2cebde20-d4a5-48a3-ac55-fa080167cd67,627,627
d9060a55-121b-4820-b431-7801fb429b4d,628,628
93048ba4-16c1-4872-b3b3-be27179b76b2,629,629
b537db38-d186-4b2e-a1bb-14756dbf411f,630,630
6a4d7b27-7064-44b7-85b2-1417064020b5,631,631
2150c9aa-748c-41c2-9baa-21aa43e39f9b,632,632
822f97e4-af69-4162-9e04-7f3394e9792e,633,633
cf05a22d-6037-40da-9793-b369c571015f,634,634
f6c344e6-c5cf-4516-ac8b-cdcce832c6dc,635,635
b8724078-6499-4095-b012-31a86c7bdbd8,636,636
de49af24-5d4e-4b37-87bc-82d9866b7785,637,637
5c3ddcca-e174-4873-998c-e665b59286c5,638,638
757f0f1d-24f3-4bb3-99d6-964e662ed3bd,639,639
e6d442a3-8ca9-4ecb-9f3e-78b9ddd7c70c,640,640
377f7a38-9cba-4d90-8a76-9e5dc513c293,641,641
018ab3bd-0902-4f03-9deb-c670b929b8b8,642,642
e2239213-554f-4e41-b8aa-bb1b2579f17d,643,643
52c34d10-0a38-4e43-bcb5-583e15ebda74,644,644
bffe20a8-94b3-48ea-96d6-56def3daa67b,645,645
9064486f-a177-40a2-b443-f94cf1ce7d93,646,646
5b2503ca-d18e-4acd-9b25-7392ef5f2300,647,647
fc9f3a74-ad53-4cfe-befc-4b0e1f0280a3,648,648
10d4a0b5-76e9-4892-9e25-87eb32583686,649,649
21fa74f3-ac7d-4417-a54a-40e9be23b4a5,650,650
4230c435-d53b-49e0-8ef4-d813d9898855,651,651
b7d70abe-562f-4115-8b12-3aa8994600c7,652,652
db51acf1-abc2-4b01-83a6-afb425bd73b8,653,653
a122b535-5909-41d1-bc0e-094f61894181,654,654
d6d74d8d-45ec-476d-b921-5ab14407f4a9,655,655
485c538c-093e-4673-8194-1fdb21ea3625,656,656
ae8a6947-7ee9-48bc-b6ba-34f0e1648aa0,657,657
aadc012c-e89d-4de2-94a4-f139d3166d1e,658,658
cfc0856f-fb12-4d88-8d70-e91fd739a9cf,659,659
2761587e-229a-4760-b89c-0ef9b9b8697a,660,660
b41ce354-5f65-477b-8407-c37bcc6bccb0,661,661
141b8e48-d250-48c8-b14b-bcb854561c09,662,662
721bbd60-df2e-4513-be98-880c14f45c98,663,663
fae8025f-416e-4bcc-80ec-05f7cf836913,664,664
25446425-a289-454d-9da6-b52e6f2f3df1,665,665
b939374c-8393-49ee-b847-106099120a88,666,666
f6af2a9a-0b27-45ef-bbba-0adfc3925a74,667,667
ae9a3929-cd5f-47ff-af6e-758c8d3eef43,668,668
b21dfdb0-239b-4aa1-9ceb-f5f91a04fbe5,669,669
c57ecfc0-ee2a-4337-a423-8bf070b56dfe,670,670
4cfd043c-7ba1-471d-be23-d0377e420f5a,671,671
c1ece235-147a-4e35-b3c1-83b3b5dcedb3,672,672
93b19036-7fd6-4b5d-9591-1af477d1cf43,673,673
a3fde07e-2f7b-4f22-b9f3-0aacef8be64f,674,674
d2a1b42e-b506-4c2d-875f-1a160740c169,675,675
9c811c8c-72f4-47ab-bf7b-9ac35cfb2e36,676,676
19976782-7aed-42cd-ac33-f680bf05d6ca,677,677
fd36dee4-2ba7-441b-a112-6426f4d954db,678,678
4588f17c-0868-49d9-b4d8-61e375b501c7,679,679
08bc92d3-456a-4ea9-ace2-2a122f618e99,680,680
afdc6f6b-01db-4e03-a2d1-4acec634485a,681,681
6e9fc1ad-a64d-4424-a2c8-01d0b3b9c175,682,682
029315f8-73f5-4b69-b557-4d4bb501034e,683,683
88432aea-2ed6-45bc-8d04-569e09fdd612,684,684
3630ac23-64a0-4b01-9fab-bb1110ff5e7f,685,685
1b757f67-a2c7-4c46-9d07-9834a3bbcf00,686,686
62ea8d03-6284-4699-b830-5e32d5b5c978,687,687
b013482b-f373-43a7-b3a6-d6fff579ca76,688,688
7502feeb-a501-4d31-9ced-9f079b9db5f2,689,689
13acbe61-bd59-4c78-ac4c-2049a6aefdac,690,690
2d89385d-744c-4838-852b-00fb1a7dc466,691,691
37bd9f77-a736-4bf9-9cb2-07406d5eb5d4,692,692
c1381f36-05f4-4836-8d1a-21c01cf91960,693,693
49b058fa-ceeb-4776-a322-35e4aa36c7b3,694,694
02ca0d66-c88d-45a0-b951-109ac6a00340,695,695
c785b836-00ba-4d76-9a65-93b3d53c0423,696,696
9d46adc7-f0db-4970-b880-51733695fe45,697,697
0e1464f8-201f-4fee-af00-056036937307,698,698
995da915-592c-491a-a556-99d51caa804d,699,699
b7839003-e54e-443c-a0aa-be2c8ad522fa,700,700
939f8c3b-fb15-4c40-ade2-2a6dc89706b7,701,701
9de0a873-7dbd-4370-a68c-72ebf0df95e0,702,702
f5e27010-bbb4-4185-84ab-c6a509595e10,703,703
cdb006e1-0e1d-4fb7-8e93-58a69a6a5248,704,704
4b946a60-64a0-4b20-9939-4788cf85a70b,705,705
3afa565b-70b8-4c9d-b40a-7f4501e7cff8,706,706
fac1bce4-8502-4cfd-9602-70f167e4eeec,707,707
5ff4d33b-2632-4a64-8869-e36bae4e4c31,708,708
c887d88f-16aa-4151-a4e2-34e23e475b30,709,709
b14696c2-5786-408e-831c-0eee0b7f9f4f,710,710
362b09a2-e023-4b63-9e8b-47aa23548cc8,711,711
8494a3c9-ff9c-4657-9fad-ff1f1d9e0471,712,712
fa03fd5f-f266-4b20-b6ec-a4d16a4d4c66,713,713
b8aed0d2-8bef-490d-b103-6ce009ad5312,714,714
3c1d6547-cf95-4ed1-8b27-ca1a8ba9195d,715,715
33acc145-e6e8-4599-953f-d44e62b22630,716,716
af171c77-167e-4225-af3f-7b7a6b17ae05,717,717
35f939ea-ae1b-4c0d-b58e-16b944596bd4,718,718
c257d2a3-cb2e-42a0-a627-889c15425ac0,719,719
3e68cd89-1e3e-4343-be3b-0de6e6789470,720,720
6efe3e77-b9c2-427c-ba7b-20aeb4ef8153,721,721
d9097f82-fe12-4d2e-bd09-426ae22d9cac,722,722
5c319bbe-4dd4-4aba-9ccd-922abdb9783a,723,723
57d0be77-1866-4775-9ffb-d7fcb0dc0d6e,724,724
0037a85f-ada5-4ff4-a3a3-83a4955199b3,725,725
50a39a51-8c9f-4d6b-8838-e7c2a7827a1c,726,726
9d9ab1b2-9f00-43c4-a95f-694ac01a786b,727,727
d143a8ef-7b1a-4b0c-bc7c-0db150fbc663,728,728
0767ad7c-454e-449c-9376-896998488b05,729,729
3447ef57-0a75-4b47-8be5-9a1ecfeb8126,730,730
d4593347-dc92-476b-b422-4975a018ebba,731,731
2cce70d0-164e-4104-8a49-fe4574e1f0b0,732,732
1153c507-ce26-4a0e-b1c7-3b81f7c58c07,733,733
50e44c50-f07e-4c8a-bad6-da8517617867,734,734
140e8f33-f7cd-4362-b610-59ba33e22d5b,735,735
c03d785d-3159-430e-9492-86e42bf43b83,736,736
21167dd4-0dcb-4233-a587-dcc5cfa34848,737,737
b6b87784-bc3a-4979-94d2-79611be3d631,738,738
88a08adb-eba7-4a76-ac89-72d3320a4db6,739,739
5e8de819-fbe9-4517-afde-bd8f18ae763e,740,740
68b0c8a0-4cc0-43ae-8447-9c7c30acbca1,741,741
0fec9c70-5213-4b06-a775-bd0d1c927285,742,742
acd42528-3082-4d8e-adb7-82a453975dc9,743,743
233ff9c0-5dad-4ac6-ad96-acd65ac9c2fa,744,744
6d38f85a-dcdf-4185-b4b9-ed991010e390,745,745
cf8a4e25-d097-48ea-9ee1-a367b214d72f,746,746
a02d05a7-0fe8-41da-9cc7-14f4be487629,747,747
2e541c86-9a22-4adf-833c-5bf3d0b374ea,748,748
42af2730-bf26-43ec-b135-f934cc66e826,749,749
cdddae50-45c3-4df1-b4bb-858ad1b18e65,750,750
5eb0ed00-1409-4354-b8e4-1de9b710e9eb,751,751
3eb760e7-3a3c-451d-9a32-4e2e710fc9ee,752,752
e99e5de5-5eb9-40d7-9bcc-e01156b6b4f7,753,753
5e8726a8-7a31-45e6-8b32-64fa4d46bf3f,754,754
95c22360-c7a7-4077-bdc0-f6515c407e38,755,755
73c30a5c-db99-4c31-bd30-e6d7ba97cdb4,756,756
fdacbd77-e31d-4565-a9e0-1063892e48ad,757,757
7fbf5d59-0b26-4706-9b1e-10c4d33b5a80,758,758
4fff44fc-e2e5-4238-a86d-e88ffdc77453,759,759
a98baf55-78da-46c1-9aa3-4a86d182ac03,760,760
449af78f-cfa4-4b10-a85b-ab3af4ebaa07,761,761
c01121ee-a5ff-4291-9252-a08e841cd7b1,762,762
00a297b4-5642-456e-9906-2ec1be1ecce0,763,763
fcf2b963-d2f5-4d93-8604-0ac2ad38711d,764,764
b51f4d5d-a661-44ea-a7e2-6509c14da487,765,765
2a67eca1-e80d-4203-bd71-98776e7379ad,766,766
26e3562f-37de-41dc-9da6-a30a76d19fe0,767,767
1dad5c9d-cb86-4419-968d-075ded8c12cb,768,768
98591e50-e6dc-422d-a743-e5c2f6db751b,769,769
919ed060-52a4-422f-a08e-ad8c3d244520,770,770
b494206c-b76a-4411-a21c-b1d0d1ce2937,771,771
4c7f9102-50db-4df4-9c12-2280b63ccd83,772,772
a87c6c32-f4ee-4b84-80fa-bbd3c3faddd0,773,773
632c5989-6ca7-4fd2-b924-04382dc9455b,774,774
a4f90e0c-7c7b-43b8-942e-a80232c28d5f,775,775
a34f7751-47bc-4dd5-bb87-1c3f31679ebd,776,776
c1b4f7a6-bbf2-4ed0-935e-60761f7bf5de,777,777
516c05b6-44e8-4785-b702-eaaad77e7c4a,778,778
b17bc462-609b-4111-8d8f-2c1eaad004fe,779,779
0274f636-7112-4b03-aa65-dbbea941ac03,780,780
11c6f4ac-ddbb-449f-8e7c-0f4d91c8306b,781,781
bb128302-53a0-4423-9de4-b283e9c4556c,782,782
44431eb6-985b-4f7c-a321-4f47934afab5,783,783
32767335-ed0a-44d3-a813-f372044af361,784,784
605c105c-356f-4a0a-9db6-b4fc3b6f5c61,785,785
4ac0d3e4-6750-463d-9d88-700d9dcb7cf1,786,786
e83e40ce-2987-4118-a52a-b253f7dad648,787,787
a975dcb6-09b3-4fc6-ae39-0aa03d22a3b1,788,788
811b5b2a-afb5-4d15-aed6-3cc59b5d8078,789,789
359f5c0f-aced-491d-ab58-1bd154470185,790,790
5c5a910e-5b6a-4178-8c1c-991a8dde87d6,791,791
47cd82dc-1a02-48c8-aa26-2164fc05732d,792,792
4e32d25e-6fd8-4998-8e6c-ed586d663be9,793,793
296d64b9-83ef-4f68-81fa-2f382fbf5765,794,794
3d3c66a7-dadb-4f83-ba6f-22a2a8764e6d,795,795
79e69bb5-3789-4c73-bd55-d12cafd778d8,796,796
a428a142-618b-4ced-82ba-90b8b0773ff1,797,797
e03fac4c-c2d3-45b5-9d92-b838eb49ffd3,798,798
84a8fa99-1605-4988-9367-c81d6a3d3ed2,799,799
ba30185d-9d06-4793-ac96-d901d907cc5e,800,800
dc9c07b5-68d2-4007-a90c-0a7f1fe53aba,801,801
0a0b94f8-ee66-4442-ac24-94349725bdb1,802,802
d0586533-52e0-43a8-8bbf-4793937d7e24,803,803
5f3f3bd6-dc84-45c8-aca0-c3c7c2d3010d,804,804
adf56cc5-72c4-4574-978b-319c40d3d984,805,805
c7e08de6-aeb1-4126-af55-2ab513a18261,806,806
db39ffcd-5ca1-4bae-ba1f-9e83af1bdbf0,807,807
e95647ad-ecb7-4225-8aba-c2e98f564b49,808,808
5aea462d-9715-4826-9704-18f3355e1b0f,809,809
28f89b45-5354-4487-af75-8911d6678afd,810,810
05a4eec8-19e9-4c4a-b566-99ec2a746072,811,811
6cee5168-fe51-4c80-bff3-1ec7e0a26234,812,812
90ab06d7-80b7-4c6d-8652-da4b31f49f94,813,813
75799cf4-06eb-451c-886c-a9b43892ea78,814,814
74151aca-609e-4cb6-91c0-00789608aa58,815,815
6524184e-9731-4ef3-bc06-d46da44adb2a,816,816
0a55ab9e-30cc-4711-9e17-174ac7933548,817,817
916969aa-fd23-4a2e-8c12-2acfd7547276,818,818
cae4349c-28ad-4f3f-bf6c-6e0a4c74e085,819,819
0d71ae34-2171-4b26-b099-17ff86da9199,820,820
99e1954d-d799-49ab-8872-67b47663e76a,821,821
79bd2324-ca91-40d7-aa99-7acc0c163e44,822,822
c8eac783-fe02-4588-b4fa-2e3dbff58ee1,823,823
0bc1d230-8e61-4cd6-8b31-510c959bce2e,824,824
e67bf11a-dded-472a-be70-d66b8ac172bf,825,825
5da78c5b-74a9-46c1-8c8b-f82e6446600c,826,826
06cb87eb-aeea-4432-804c-87a0fccfbf1e,827,827
d8280691-2f35-48e0-bb4d-f7e54d0ea150,828,828
9e66ab80-a780-43ce-b6d4-ee2af62b843b,829,829
4af5dbb8-568d-4ac8-a978-07eef3c90cd3,830,830
d6f1a8ef-d69f-4832-9c8a-a60b6491bd3d,831,831
35e031c5-d19e-4df9-bbfd-b240bd2953d6,832,832
f61d8b30-bdd6-4b65-801f-a22759e111fa,833,833
abec4274-cdd0-4f1f-8593-f71d70ff1d25,834,834
40cd72b1-2ca5-4b9c-8b99-ef87bfb3dc25,835,835
95d22fc1-7a21-4edb-bf83-28eebfe3f6df,836,836
c6f85a92-fb88-4d87-af9a-9c55bb8e11f5,837,837
b074aeee-8eb7-40f9-bd92-27c61d7ecddb,838,838
dba856aa-050c-4c43-a5c8-7b962d974807,839,839
fb83daf5-0e43-494f-ac09-d108899f05eb,840,840
d831163f-18dc-49b2-b7d9-601a2d20d3f2,841,841
cec09e92-e3a8-44f9-8152-d95aba89e378,842,842
c28a13a0-a79e-4b87-9466-a18a2f0eeacb,843,843
4e20fc44-8202-41a8-9499-4fa046503019,844,844
f6db5bd6-820b-4432-8b23-c155358ea703,845,845
4e6de1eb-1e9c-4353-bc99-0b65daab837d,846,846
a58a72b7-e93b-4fa1-84ab-01d558699067,847,847
647366b1-3ea8-422e-8ddd-311a202d8723,848,848
15df67df-8587-4dce-9f11-e62186d43e63,849,849
3dc34c51-9858-49c3-b00c-8d5bca41ba00,850,850
104b6997-6034-478d-9c04-0789a7b50a87,851,851
ca6ba1c6-a815-4318-87cd-fd600a4bcc23,852,852
832c9dec-f93d-404c-8ffc-eb9770ffeff2,853,853
6150acda-71a5-4c81-a2de-2ce87ebde201,854,854
1a565d58-32bc-4747-bb25-86d0aaaf71e4,855,855
c23797e5-e1bc-4bef-8943-4472f62ae396,856,856
b750161b-9186-419f-a3b5-8e70d9b12944,857,857
2746c1f0-2563-4112-a4e4-3a98c2faea65,858,858
2408c326-6bac-47d5-95cf-6af4a4bc9feb,859,859
38bbc01f-a328-470e-9103-1ad9ab386c74,860,860
0d7cb791-7d24-47df-ab2c-3fbc850ff0f6,861,861
d2577a97-f1f5-4068-aef9-ecd134e527c5,862,862
93fe8ded-6a2f-455a-8cb1-456aa4fa8b54,863,863
f8531eb9-5a5a-4b18-a807-8095b5d6212c,864,864
822c2294-2b07-4e65-a0bb-7e43163d8a5e,865,865
9fc24ac0-8bff-429e-98bd-2d3a5fc95ae1,866,866
1e1f8a4f-c973-42ae-a41c-3357bb8e1d16,867,867
65f50ee1-419c-4e47-9d7b-05f18e3148c4,868,868
42e0d1c1-ecfe-4a89-a4f6-be0ad9f08db3,869,869
64c6a54d-3496-46dc-ae98-8ad4f244e52d,870,870
3f61cbc6-fd2b-417b-8d97-1fea09016b6f,871,871
4604a2ac-a583-4e2c-946f-b3b013981327,872,872
c8d7f7f2-5167-4fee-85ea-cd411f0e778b,873,873
177e67c1-8330-48d0-89de-e137bff50a93,874,874
edc42098-d1c0-47bb-8d12-88ef99f75adb,875,875
80d3ae0f-530c-4163-9929-5b09f2fd21e5,876,876
86c75b73-c621-43ac-bd65-328820ae65ba,877,877
aaf4a65b-b108-4382-a560-af4689598cef,878,878
24ecb3fd-f14c-4a7a-be2c-2299ae79e1f5,879,879
581b3728-b57e-47ea-8dc3-458ef80914f9,880,880
c34cd345-6d37-4816-888d-406e5818f7d9,881,881
8eeacdf6-e5ed-4212-8435-375efcc4436f,882,882
dcc98612-d979-4334-9f87-41de4cb24881,883,883
50eec9fb-5996-4afd-a6b0-a9a8a499e37a,884,884
8c27e92b-3eda-4c46-afec-778688320f59,885,885
a628779e-b99b-4c27-836a-b85522a9136c,886,886
196a3626-b1c5-4f1b-94ef-52a5d397ffec,887,887
4a31b554-0694-40c7-ba47-2d6510b74910,888,888
c45d2b5d-3071-4d2c-88ac-f61b8c2c3df7,889,889
a94a2464-3496-4700-ab4c-d7779f39169d,890,890
9985bd63-2c4b-4519-a137-801f7a69c1bb,891,891
48f74b83-0147-47c7-809c-b00527d8fcfb,892,892
df9e6987-84f2-4718-808d-99b94e5ec647,893,893
658a5de9-a1fb-4c45-8f5b-5d228c956dc8,894,894
062fd8d0-cba0-4a8f-8adf-881ae8e175df,895,895
6e9fbdb4-f928-46fe-85d8-a1ff5512faeb,896,896
4626ad58-10c1-4b0d-b637-94d33b9cb86e,897,897
57ccd1e1-9b8c-46c5-85a3-625cfc96928b,898,898
800f94d2-281f-42a6-acbf-f4cd71fb894c,899,899
829368e6-354b-4c38-b2e5-185322cb3400,900,900
de7f5603-c2cc-4777-8bbe-a7ea871db11e,901,901
f9ae6a38-3fe3-4950-94ed-a22083fbb797,902,902
18c7aba1-296d-4754-9706-50d95d2bddb7,903,903
337c9ac0-b6c3-4b2d-8c3a-9b117c39633e,904,904
67f0e4a8-317d-4347-93a3-9246709d3202,905,905
216c514a-5014-41fc-a8f0-89b2110fec8c,906,906
04d08295-356b-4a3d-b966-7ef37deeca59,907,907
59a39c93-9c6b-4166-8a6c-44bce8df8751,908,908
09a054ea-5632-45ce-9de7-8353908712fc,909,909
8fdd488d-5aac-4b88-a6d7-20136154b9ca,910,910
3ea5dda7-06d1-4cfe-ae5d-a20c9fa77140,911,911
3330f52b-cf09-4c27-ac43-93c26631737e,912,912
4f568b93-d02c-4e15-81ce-d7035d953366,913,913
b2fb61a0-c773-4bfd-bfe7-51958a4df296,914,914
378266bb-ff81-443b-840a-c5c55b9cf4c3,915,915
df9a0abf-12a9-49d3-b9d3-46c775858ca4,916,916
27c81916-1649-42d6-b015-c13376684cf1,917,917
9587d2b1-01f1-4e27-a03c-3d61ffcf7d8f,918,918
27305384-2baf-4cba-95df-311eb5bb15ae,919,919
4a9593f6-dbc5-4bbe-82ba-a911091f6e09,920,920
7898fcdf-6ffb-4e93-abfe-2da2d66065dd,921,921
0a9bb575-2dc7-4207-a494-18d777044372,922,922
bbe33431-40d6-46b0-8b74-44dadd60e937,923,923
3a0c7f54-e257-43f2-9b60-44ae79ab2d34,924,924
dae6c586-bfbb-4cae-a66b-274e89659af2,925,925
50e2a883-54f2-4591-a73b-371931d6bf14,926,926
fb7fa803-fc70-4696-8d33-45b9d52dba0f,927,927
d3078e7a-0ed5-4b1b-a9f5-fca6e8fee47c,928,928
e3bc169a-4672-4f65-859b-aae1efa9e383,929,929
df0d8c5e-a0d3-46ff-ba1d-bce8d862cf56,930,930
e165e596-c146-4c08-be78-da9c0217834f,931,931
eaeb0e97-e192-4004-b380-da348cefc3c2,932,932
d6b531c6-bb8e-4e49-a7d1-2b697e6ede82,933,933
f87afa27-614c-497d-a37c-ba349622f367,934,934
111f3e37-e975-47cf-9ad8-c72a34bc04ec,935,935
8355ba7e-9aba-46d3-a274-219c7b7dc53a,936,936
58307391-1c8d-402f-88ca-49de1e3567ae,937,937
dcdedb14-2cf6-4ff2-ad85-1f2d7781458b,938,938
3923871d-618b-4e51-b8b4-a86d89e14101,939,939
084736e0-b8e7-4116-84e9-bf6b580c3377,940,940
9b15ef6a-f2ea-425e-8d75-20307e8badda,941,941
0343a9bc-8f5f-4560-8223-14525e0cfd04,942,942
c187001a-e52d-4e08-a8a2-0e2173dbea43,943,943
bd7c7972-58cf-4667-9133-c4ef332a539b,944,944
1aec3c48-9c05-41cf-b896-f8f774310827,945,945
393c2f26-550b-47ab-9a51-f15192d04bf1,946,946
4ad8f7ee-3117-44da-863e-f1363f004af4,947,947
7de1e2c0-33fe-4c84-8973-a5437d258e71,948,948
717a89cc-7257-483b-b4a6-4acb9c23f194,949,949
59cd6c54-e28c-4d5a-9584-da9cb3b8d545,950,950
e8750e1d-79cb-4046-bb1c-ca56a81dc4e6,951,951
07dd9958-7e46-4ecc-b931-5e3900d17189,952,952
23f82835-231f-460a-a781-0bb650239f61,953,953
0902b030-de2a-467c-a58f-cec538d3a514,954,954
9a733aa4-553d-45aa-8c11-eed6d6f6f7fd,955,955
8483d144-515b-4281-a541-9d7cf2764f1b,956,956
cee1b98e-403c-4171-9e0c-30f25213023e,957,957
02184ffb-2758-48f4-bfff-4f978f5f48d9,958,958
4712cc5e-a856-4056-b3a6-0265318d0870,959,959
4f85f911-1c40-44f0-83fe-8e39a66eaec7,960,960
7f36ae71-ecf3-4edb-8774-909db39ab293,961,961
526a48e4-27df-465a-a504-bfedfe02286f,962,962
10f3d922-d7ab-4fb5-b1c3-02fdfe93766b,963,963
19c71b20-73d4-4bce-aff1-6011d56a33c7,964,964
2005523c-3c25-45e1-94b8-9a4336419997,965,965
8f64cc3b-9ab0-4635-87f5-9ea9021db205,966,966
b1fff572-c98a-456e-ae07-bf0c1ae8cbe5,967,967
6bc7448f-5df6-40b7-9ed5-6d78ccf398d7,968,968
ea50f229-bb06-4f3b-ac8b-a0ebc01f14dc,969,969
26d97d5e-f587-4ed2-8a37-1c32c1414a72,970,970
19b01597-83b5-436b-bcaa-630140945b40,971,971
4b48eb66-bcef-4f67-a79b-67978939910f,972,972
ae53624d-b021-4496-8046-bc78aeaec20f,973,973
965e47fa-4205-4108-bf70-75d3166bd10d,974,974
c9bbd4e2-8f1e-44df-88d2-b202bc37eda4,975,975
8d4251ff-cb24-4f8f-93d4-8ecbbf9ad04e,976,976
7f32a386-8091-44ff-a024-e18979f18091,977,977
0f930959-dc36-467f-a9fe-e7d96caeaa1b,978,978
8fb9d6be-ef90-4e8a-b664-f629da126742,979,979
9c7df4e0-303c-4661-bf52-a6d484bb2f11,980,980
b197fdf3-dac5-4cde-b5e8-e5a4596bc418,981,981
0fb6af3e-581b-453b-a90b-037082428c26,982,982
ee8a3f14-f273-42f3-828e-ff706ae591aa,983,983
384a4617-bb4d-4589-a3ae-572e5c721b2f,984,984
de182fc1-0397-4ec3-9625-f0422a8a8076,985,985
d03ea618-b141-4042-9837-a16d8903c4a5,986,986
8b395891-daa3-4bd9-8cac-abc80eaa0bdc,987,987
fa86c163-35ed-4bd3-9476-2b52f38bd2b4,988,988
549dfe42-1a29-4180-a911-d738eeead953,989,989
5ad1a554-9695-408b-83fe-8759dbb39a24,990,990
3c52c586-e8f0-4300-a013-c631f2bb2689,991,991
ba159c4a-d97b-4f24-bf72-6ab49aa53ca4,992,992
665c1852-6384-410c-8c82-7100bb0fcaee,993,993
4dcfd2e8-dfd3-4fb4-967c-1aad9a4f63c7,994,994
33f0ebc3-745c-47c6-b836-6426a2ad9497,995,995
9a161cc4-d0f9-4491-8cec-f8f9dfc829a6,996,996
2c0d41a2-7bb5-49b1-a664-b41060776228,997,997
12ffc653-1b1c-4909-a63b-310ce561d522,998,998
583f40c7-8435-438a-a820-deffa50988f9,999,999
015bcdc9-dd8b-46a2-afe0-25a7a8c9d34a,1000,1000
